symbol,direction,entry,exit,qty,pnl,reason,open_ts,close_ts,hold_minutes,tp1_hit,sl,tp1,tp2,score,regime,tier
BCHUSDT,LONG,360.66,345.3,0.0832,-1.277952,SL_hit,2024-03-02 01:00:00+00:00,2024-03-02 01:05:00+00:00,5.0,False,347.017143,381.124286,394.767143,0.0,UNKNOWN,T2
AAVEUSDT,LONG,111.3,109.89,0.2695,-0.379995,trailing_stop,2024-03-02 01:00:00+00:00,2024-03-02 01:20:00+00:00,20.0,False,109.808929,113.536607,115.027679,0.0,UNKNOWN,T2
ARBUSDT,LONG,1.9776,1.9916,15.1699,0.2123786,trailing_stop,2024-03-02 01:00:00+00:00,2024-03-02 04:15:00+00:00,195.0,False,1.951243,2.017136,2.043493,0.0,UNKNOWN,T2
ARBUSDT,LONG,2.0873,2.0938,14.3726,0.0934219,trailing_stop,2024-03-03 01:00:00+00:00,2024-03-03 02:00:00+00:00,60.0,False,2.043657,2.152764,2.196407,0.0,UNKNOWN,T2
BCHUSDT,LONG,500.44,500.96,0.0599,0.031148,trailing_stop,2024-03-03 01:00:00+00:00,2024-03-03 03:00:00+00:00,120.0,False,468.8275,547.85875,579.47125,0.0,UNKNOWN,T2
AAVEUSDT,LONG,117.02,114.52,0.2564,-0.641,SL_hit,2024-03-03 01:00:00+00:00,2024-03-03 06:05:00+00:00,305.0,False,114.566429,120.700357,123.153929,0.0,UNKNOWN,T2
BCHUSDT,LONG,465.73,463.75,0.0644,-0.127512,trailing_stop,2024-03-04 01:00:00+00:00,2024-03-04 01:30:00+00:00,30.0,False,448.174643,492.063036,509.618393,0.0,UNKNOWN,T2
BCHUSDT,LONG,466.61,461.15,0.0643,-0.351078,trailing_stop,2024-03-04 01:30:00+00:00,2024-03-04 07:05:00+00:00,335.0,False,447.261786,495.632321,514.980536,0.0,UNKNOWN,T2
AAVEUSDT,LONG,112.91,112.3,0.2657,-0.162077,time_stop,2024-03-04 01:15:00+00:00,2024-03-04 07:15:00+00:00,360.0,False,110.420714,116.643929,119.133214,0.0,UNKNOWN,T2
AAVEUSDT,LONG,113.66,115.29,0.2639,0.430157,trailing_stop,2024-03-05 01:00:00+00:00,2024-03-05 01:50:00+00:00,50.0,False,110.983214,117.675179,120.351964,0.0,UNKNOWN,T2
BCHUSDT,LONG,460.45,461.32,0.0652,0.056724,trailing_stop,2024-03-05 01:15:00+00:00,2024-03-05 02:00:00+00:00,45.0,False,442.530357,487.329464,505.249107,0.0,UNKNOWN,T2
AAVEUSDT,LONG,115.35,116.29,0.2601,0.244494,trailing_stop,2024-03-05 01:50:00+00:00,2024-03-05 03:20:00+00:00,90.0,False,112.2875,119.94375,123.00625,0.0,UNKNOWN,T2
ARBUSDT,LONG,1.98,1.98,15.1515,0.0,trailing_stop,2024-03-06 01:00:00+00:00,2024-03-06 01:10:00+00:00,10.0,False,1.929304,2.056045,2.106741,0.0,UNKNOWN,T2
ARBUSDT,LONG,1.98,1.9248,15.1515,-0.8363628,SL_hit,2024-03-06 01:10:00+00:00,2024-03-06 02:55:00+00:00,105.0,False,1.929304,2.056045,2.106741,0.0,UNKNOWN,T2
AAVEUSDT,LONG,106.47,110.16,0.2818,1.1241002,trailing_stop,2024-03-06 04:30:00+00:00,2024-03-06 05:30:00+00:00,60.0,True,103.989643,110.190536,112.670893,0.0,UNKNOWN,T2
AAVEUSDT,LONG,123.6,123.87,0.2427,0.065529,trailing_stop,2024-03-07 01:00:00+00:00,2024-03-07 01:30:00+00:00,30.0,False,119.166071,130.250893,134.684821,0.0,UNKNOWN,T2
ARBUSDT,LONG,2.0503,2.0517,14.632,0.0204848,trailing_stop,2024-03-07 01:00:00+00:00,2024-03-07 01:35:00+00:00,35.0,False,2.000693,2.124711,2.174318,0.0,UNKNOWN,T2
ARBUSDT,LONG,2.0706,2.0941,14.4886,0.3404821,trailing_stop,2024-03-07 01:35:00+00:00,2024-03-07 02:00:00+00:00,25.0,False,2.017582,2.150127,2.203145,0.0,UNKNOWN,T2
ARBUSDT,LONG,2.2317,2.2277,13.4427,-0.0537708,trailing_stop,2024-03-08 01:00:00+00:00,2024-03-08 01:30:00+00:00,30.0,False,2.183807,2.303539,2.351432,0.0,UNKNOWN,T2
ARBUSDT,LONG,2.2174,2.1602,13.5294,-0.77388168,SL_hit,2024-03-08 01:30:00+00:00,2024-03-08 04:35:00+00:00,185.0,False,2.164525,2.296712,2.349587,0.0,UNKNOWN,T2
AAVEUSDT,LONG,130.7,129.1,0.2295,-0.3672,time_stop,2024-03-08 01:00:00+00:00,2024-03-08 07:00:00+00:00,360.0,False,126.355357,137.216964,141.561607,0.0,UNKNOWN,T2
BCHUSDT,LONG,446.44,446.44,0.0672,0.0,trailing_stop,2024-03-09 01:00:00+00:00,2024-03-09 01:10:00+00:00,10.0,False,432.99,466.615,480.065,0.0,UNKNOWN,T2
BCHUSDT,LONG,446.44,450.95,0.0672,0.303072,trailing_stop,2024-03-09 01:10:00+00:00,2024-03-09 01:35:00+00:00,25.0,False,432.99,466.615,480.065,0.0,UNKNOWN,T2
BCHUSDT,LONG,450.05,445.65,0.0667,-0.29348,time_stop,2024-03-09 01:35:00+00:00,2024-03-09 07:35:00+00:00,360.0,False,435.3875,472.04375,486.70625,0.0,UNKNOWN,T2
BCHUSDT,LONG,436.63,440.06,0.0687,0.235641,trailing_stop,2024-03-10 01:00:00+00:00,2024-03-10 01:20:00+00:00,20.0,False,431.247857,444.703214,450.085357,0.0,UNKNOWN,T2
BCHUSDT,LONG,439.44,441.09,0.0683,0.112695,trailing_stop,2024-03-10 01:20:00+00:00,2024-03-10 01:55:00+00:00,35.0,False,432.343571,450.084643,457.181071,0.0,UNKNOWN,T2
AAVEUSDT,LONG,131.69,132.38,0.2278,0.157182,time_stop,2024-03-10 01:15:00+00:00,2024-03-10 07:15:00+00:00,360.0,False,129.281071,135.303393,137.712321,0.0,UNKNOWN,T2
AAVEUSDT,LONG,128.33,128.71,0.2338,0.088844,trailing_stop,2024-03-11 03:00:00+00:00,2024-03-11 03:30:00+00:00,30.0,False,123.828214,135.082679,139.584464,0.0,UNKNOWN,T2
AAVEUSDT,LONG,128.68,129.87,0.2331,0.277389,trailing_stop,2024-03-11 03:30:00+00:00,2024-03-11 04:05:00+00:00,35.0,False,123.981786,135.727321,140.425536,0.0,UNKNOWN,T2
AAVEUSDT,LONG,129.27,129.87,0.2321,0.13926,trailing_stop,2024-03-11 04:05:00+00:00,2024-03-11 04:45:00+00:00,40.0,False,124.562857,136.330714,141.037857,0.0,UNKNOWN,T2
ARBUSDT,LONG,2.082,2.0495,14.4092,-0.468299,SL_hit,2024-03-12 01:00:00+00:00,2024-03-12 03:45:00+00:00,165.0,False,2.056625,2.120062,2.145438,0.0,UNKNOWN,T2
AAVEUSDT,LONG,136.43,133.63,0.2199,-0.61572,SL_hit,2024-03-12 01:00:00+00:00,2024-03-12 04:00:00+00:00,180.0,False,134.313929,139.604107,141.720179,0.0,UNKNOWN,T2
BCHUSDT,LONG,431.73,423.37,0.0695,-0.58102,SL_hit,2024-03-12 13:00:00+00:00,2024-03-12 16:20:00+00:00,200.0,False,423.826429,443.585357,451.488929,0.0,UNKNOWN,T2
BCHUSDT,LONG,428.48,431.98,0.07,0.245,trailing_stop,2024-03-13 01:00:00+00:00,2024-03-13 01:40:00+00:00,40.0,False,420.140714,440.988929,449.328214,0.0,UNKNOWN,T2
AAVEUSDT,LONG,135.19,136.01,0.2219,0.181958,trailing_stop,2024-03-13 01:00:00+00:00,2024-03-13 01:40:00+00:00,40.0,False,132.986429,138.495357,140.698929,0.0,UNKNOWN,T2
ARBUSDT,LONG,2.0447,2.0647,14.6721,0.293442,trailing_stop,2024-03-13 01:00:00+00:00,2024-03-13 02:15:00+00:00,75.0,False,2.015843,2.087986,2.116843,0.0,UNKNOWN,T2
BCHUSDT,LONG,437.75,441.38,0.0685,0.248655,trailing_stop,2024-03-14 01:00:00+00:00,2024-03-14 01:50:00+00:00,50.0,False,431.991071,446.388393,452.147321,0.0,UNKNOWN,T2
AAVEUSDT,LONG,143.56,143.56,0.209,0.0,trailing_stop,2024-03-14 02:45:00+00:00,2024-03-14 02:55:00+00:00,10.0,False,140.599286,148.001071,150.961786,0.0,UNKNOWN,T2
BCHUSDT,LONG,442.93,435.82,0.0677,-0.481347,SL_hit,2024-03-14 01:50:00+00:00,2024-03-14 04:50:00+00:00,180.0,False,436.285357,452.896964,459.541607,0.0,UNKNOWN,T2
BCHUSDT,LONG,441.12,434.21,0.068,-0.46988,SL_hit,2024-03-15 01:00:00+00:00,2024-03-15 02:10:00+00:00,70.0,False,435.002143,450.296786,456.414643,0.0,UNKNOWN,T2
ARBUSDT,LONG,2.0207,1.9914,14.8463,-0.43499659,SL_hit,2024-03-15 01:00:00+00:00,2024-03-15 02:20:00+00:00,80.0,False,1.995771,2.058093,2.083021,0.0,UNKNOWN,T2
AAVEUSDT,LONG,140.35,137.45,0.2138,-0.62002,SL_hit,2024-03-15 01:00:00+00:00,2024-03-15 02:20:00+00:00,80.0,False,138.242857,143.510714,145.617857,0.0,UNKNOWN,T2
ARBUSDT,LONG,1.9123,1.9148,15.6879,0.03921975,trailing_stop,2024-03-16 01:00:00+00:00,2024-03-16 04:30:00+00:00,210.0,False,1.874782,1.968577,2.006095,0.0,UNKNOWN,T2
BCHUSDT,LONG,417.07,408.55,0.0719,-0.612588,SL_hit,2024-03-16 01:00:00+00:00,2024-03-16 05:10:00+00:00,250.0,False,409.445,428.5075,436.1325,0.0,UNKNOWN,T2
AAVEUSDT,LONG,128.68,125.41,0.2331,-0.762237,SL_hit,2024-03-16 01:00:00+00:00,2024-03-16 05:15:00+00:00,255.0,False,126.012143,132.681786,135.349643,0.0,UNKNOWN,T2
BCHUSDT,LONG,393.4,396.37,0.0763,0.226611,trailing_stop,2024-03-17 02:00:00+00:00,2024-03-17 02:55:00+00:00,55.0,False,380.151786,413.272321,426.520536,0.0,UNKNOWN,T2
AAVEUSDT,LONG,120.89,121.34,0.2482,0.11169,trailing_stop,2024-03-17 02:15:00+00:00,2024-03-17 04:00:00+00:00,105.0,False,116.766786,127.074821,131.198036,0.0,UNKNOWN,T2
BCHUSDT,LONG,396.37,383.9,0.0757,-0.943979,SL_hit,2024-03-17 02:55:00+00:00,2024-03-17 06:35:00+00:00,220.0,False,385.018214,413.397679,424.749464,0.0,UNKNOWN,T2
BCHUSDT,LONG,400.38,402.5,0.0749,0.158788,trailing_stop,2024-03-18 02:00:00+00:00,2024-03-18 02:55:00+00:00,55.0,False,391.474643,413.738036,422.643393,0.0,UNKNOWN,T2
AAVEUSDT,LONG,126.56,126.77,0.237,0.04977,trailing_stop,2024-03-18 02:00:00+00:00,2024-03-18 02:55:00+00:00,55.0,False,123.002857,131.895714,135.452857,0.0,UNKNOWN,T2
BCHUSDT,LONG,402.5,402.63,0.0745,0.009685,trailing_stop,2024-03-18 02:55:00+00:00,2024-03-18 05:00:00+00:00,125.0,False,393.244643,416.383036,425.638393,0.0,UNKNOWN,T2
ARBUSDT,LONG,1.5642,1.5807,19.1791,0.31645515,trailing_stop,2024-03-19 12:00:00+00:00,2024-03-19 12:55:00+00:00,55.0,False,1.500539,1.659691,1.723352,0.0,UNKNOWN,T2
AAVEUSDT,LONG,114.78,115.56,0.2614,0.203892,trailing_stop,2024-03-19 12:30:00+00:00,2024-03-19 16:10:00+00:00,220.0,False,110.488929,121.216607,125.507679,0.0,UNKNOWN,T2
BCHUSDT,LONG,375.32,377.98,0.0799,0.212534,trailing_stop,2024-03-19 12:30:00+00:00,2024-03-19 17:15:00+00:00,285.0,False,361.828929,395.556607,409.047679,0.0,UNKNOWN,T2
ARBUSDT,LONG,1.6348,1.6446,18.3509,0.17983882,trailing_stop,2024-03-20 01:00:00+00:00,2024-03-20 02:30:00+00:00,90.0,False,1.570639,1.731041,1.795202,0.0,UNKNOWN,T2
BCHUSDT,LONG,368.43,354.15,0.0814,-1.162392,SL_hit,2024-03-20 03:15:00+00:00,2024-03-20 04:30:00+00:00,75.0,False,356.656786,386.089821,397.863036,0.0,UNKNOWN,T2
ARBUSDT,LONG,1.6417,1.5833,18.2737,-1.06718408,SL_hit,2024-03-20 02:30:00+00:00,2024-03-20 05:10:00+00:00,160.0,False,1.583504,1.728995,1.787191,0.0,UNKNOWN,T2
ARBUSDT,LONG,1.7614,1.7621,17.0319,0.01192233,trailing_stop,2024-03-21 01:00:00+00:00,2024-03-21 01:30:00+00:00,30.0,False,1.724829,1.816257,1.852829,0.0,UNKNOWN,T2
AAVEUSDT,LONG,120.38,120.75,0.2492,0.092204,trailing_stop,2024-03-21 01:00:00+00:00,2024-03-21 03:40:00+00:00,160.0,False,118.2675,123.54875,125.66125,0.0,UNKNOWN,T2
BCHUSDT,LONG,408.04,413.19,0.0735,0.378525,trailing_stop,2024-03-21 01:00:00+00:00,2024-03-21 04:20:00+00:00,200.0,False,399.736429,420.495357,428.798929,0.0,UNKNOWN,T2
AAVEUSDT,LONG,123.19,120.14,0.2435,-0.742675,SL_hit,2024-03-22 01:00:00+00:00,2024-03-22 02:05:00+00:00,65.0,False,120.611429,127.057857,129.636429,0.0,UNKNOWN,T2
AAVEUSDT,LONG,123.24,123.48,0.2434,0.058416,trailing_stop,2024-03-22 03:15:00+00:00,2024-03-22 04:00:00+00:00,45.0,False,120.313214,127.630179,130.556964,0.0,UNKNOWN,T2
BCHUSDT,LONG,417.88,415.67,0.0718,-0.158678,trailing_stop,2024-03-22 03:45:00+00:00,2024-03-22 04:10:00+00:00,25.0,False,409.972857,429.740714,437.647857,0.0,UNKNOWN,T2
BCHUSDT,LONG,435.35,443.7,0.0689,0.575315,trailing_stop,2024-03-23 01:00:00+00:00,2024-03-23 01:40:00+00:00,40.0,False,421.128571,456.682143,470.903571,0.0,UNKNOWN,T2
AAVEUSDT,LONG,119.6,120.89,0.2508,0.323532,trailing_stop,2024-03-23 01:00:00+00:00,2024-03-23 01:40:00+00:00,40.0,False,117.4125,122.88125,125.06875,0.0,UNKNOWN,T2
ARBUSDT,LONG,1.6163,1.6218,18.5609,0.10208495,trailing_stop,2024-03-23 01:00:00+00:00,2024-03-23 02:05:00+00:00,65.0,False,1.588943,1.657336,1.684693,0.0,UNKNOWN,T2
AAVEUSDT,LONG,122.7,122.62,0.2445,-0.01956,trailing_stop,2024-03-24 02:15:00+00:00,2024-03-24 03:00:00+00:00,45.0,False,120.821429,125.517857,127.396429,0.0,UNKNOWN,T2
BCHUSDT,LONG,457.19,447.27,0.0656,-0.650752,SL_hit,2024-03-24 04:15:00+00:00,2024-03-24 07:15:00+00:00,180.0,False,448.029286,470.931071,480.091786,0.0,UNKNOWN,T2
ARBUSDT,LONG,1.6519,1.6563,18.1609,0.07990796,trailing_stop,2024-03-24 12:00:00+00:00,2024-03-24 12:55:00+00:00,55.0,False,1.621668,1.697248,1.72748,0.0,UNKNOWN,T2
AAVEUSDT,LONG,125.31,125.53,0.2394,0.052668,trailing_stop,2024-03-25 01:00:00+00:00,2024-03-25 01:45:00+00:00,45.0,False,123.413571,128.154643,130.051071,0.0,UNKNOWN,T2
BCHUSDT,LONG,488.42,491.63,0.0614,0.197094,trailing_stop,2024-03-25 01:00:00+00:00,2024-03-25 02:35:00+00:00,95.0,False,470.755714,514.916429,532.580714,0.0,UNKNOWN,T2
ARBUSDT,LONG,1.6642,1.689,18.0267,0.55486183,trailing_stop,2024-03-25 01:00:00+00:00,2024-03-25 05:20:00+00:00,260.0,True,1.643039,1.695941,1.717102,0.0,UNKNOWN,T2
AAVEUSDT,LONG,128.53,129.49,0.2334,0.224064,trailing_stop,2024-03-26 01:00:00+00:00,2024-03-26 03:10:00+00:00,130.0,False,126.774643,131.163036,132.918393,0.0,UNKNOWN,T2
ARBUSDT,LONG,1.7306,1.7363,17.335,0.0988095,trailing_stop,2024-03-26 01:00:00+00:00,2024-03-26 04:10:00+00:00,190.0,False,1.703636,1.771046,1.798011,0.0,UNKNOWN,T2
BCHUSDT,LONG,494.16,486.7,0.0607,-0.452822,SL_hit,2024-03-26 02:30:00+00:00,2024-03-26 04:15:00+00:00,105.0,False,486.868929,505.096607,512.387679,0.0,UNKNOWN,T2
BCHUSDT,LONG,484.73,487.65,0.0619,0.180748,trailing_stop,2024-03-27 01:00:00+00:00,2024-03-27 01:35:00+00:00,35.0,False,473.383571,501.749643,513.096071,0.0,UNKNOWN,T2
ARBUSDT,LONG,1.7272,1.7356,17.3692,0.14590128,trailing_stop,2024-03-27 01:00:00+00:00,2024-03-27 04:10:00+00:00,190.0,False,1.705146,1.76028,1.782334,0.0,UNKNOWN,T2
AAVEUSDT,LONG,132.22,129.88,0.2269,-0.530946,SL_hit,2024-03-27 01:00:00+00:00,2024-03-27 04:45:00+00:00,225.0,False,130.011071,135.533393,137.742321,0.0,UNKNOWN,T2
BCHUSDT,LONG,541.22,539.23,0.0554,-0.110246,trailing_stop,2024-03-28 01:30:00+00:00,2024-03-28 02:30:00+00:00,60.0,False,525.164643,565.303036,581.358393,0.0,UNKNOWN,T2
ARBUSDT,LONG,1.6595,1.6923,18.0777,0.59294856,trailing_stop,2024-03-28 04:30:00+00:00,2024-03-28 08:25:00+00:00,235.0,False,1.632482,1.700027,1.727045,0.0,UNKNOWN,T2
AAVEUSDT,LONG,125.3,126.34,0.2394,0.248976,trailing_stop,2024-03-28 05:00:00+00:00,2024-03-28 09:20:00+00:00,260.0,False,123.021429,128.717857,130.996429,0.0,UNKNOWN,T2
AAVEUSDT,LONG,128.05,126.21,0.2343,-0.431112,SL_hit,2024-03-29 01:00:00+00:00,2024-03-29 02:25:00+00:00,85.0,False,126.633929,130.174107,131.590179,0.0,UNKNOWN,T2
AAVEUSDT,LONG,127.69,128.8,0.2349,0.260739,trailing_stop,2024-03-29 03:00:00+00:00,2024-03-29 04:50:00+00:00,110.0,False,125.866786,130.424821,132.248036,0.0,UNKNOWN,T2
BCHUSDT,LONG,576.37,581.69,0.052,0.27664,trailing_stop,2024-03-29 04:30:00+00:00,2024-03-29 06:45:00+00:00,135.0,False,556.9075,605.56375,625.02625,0.0,UNKNOWN,T2
AAVEUSDT,LONG,127.55,127.77,0.2352,0.051744,trailing_stop,2024-03-30 01:00:00+00:00,2024-03-30 02:05:00+00:00,65.0,False,126.094643,129.733036,131.188393,0.0,UNKNOWN,T2
BCHUSDT,LONG,622.35,606.27,0.0482,-0.775056,SL_hit,2024-03-30 01:00:00+00:00,2024-03-30 03:45:00+00:00,165.0,False,607.616071,644.450893,659.184821,0.0,UNKNOWN,T2
ARBUSDT,LONG,1.6592,1.6701,18.081,0.1970829,trailing_stop,2024-03-30 01:00:00+00:00,2024-03-30 05:20:00+00:00,260.0,False,1.642611,1.684084,1.700673,0.0,UNKNOWN,T2
BCHUSDT,LONG,601.96,591.64,0.0498,-0.513936,SL_hit,2024-03-31 01:00:00+00:00,2024-03-31 04:15:00+00:00,195.0,False,591.861786,617.107321,627.205536,0.0,UNKNOWN,T2
ARBUSDT,LONG,1.6646,1.6725,18.0223,0.14237617,trailing_stop,2024-03-31 05:15:00+00:00,2024-03-31 05:50:00+00:00,35.0,False,1.646386,1.691921,1.710136,0.0,UNKNOWN,T2
AAVEUSDT,LONG,125.28,127.03,0.2395,0.4969625,trailing_stop,2024-03-31 02:00:00+00:00,2024-03-31 06:00:00+00:00,240.0,True,123.922857,127.315714,128.672857,0.0,UNKNOWN,T2
AAVEUSDT,LONG,128.07,128.7,0.2342,0.147546,trailing_stop,2024-04-01 01:00:00+00:00,2024-04-01 03:25:00+00:00,145.0,False,126.686071,130.145893,131.529821,0.0,UNKNOWN,T2
AAVEUSDT,LONG,128.7,129.04,0.2331,0.079254,trailing_stop,2024-04-01 03:25:00+00:00,2024-04-01 03:50:00+00:00,25.0,False,127.108929,131.086607,132.677679,0.0,UNKNOWN,T2
BCHUSDT,LONG,684.76,699.18,0.0438,0.631596,trailing_stop,2024-04-01 01:00:00+00:00,2024-04-01 04:50:00+00:00,230.0,False,668.704643,708.843036,724.898393,0.0,UNKNOWN,T2
AAVEUSDT,LONG,128.93,125.95,0.2327,-0.693446,SL_hit,2024-04-02 01:00:00+00:00,2024-04-02 02:20:00+00:00,80.0,False,126.08,133.205,136.055,0.0,UNKNOWN,T2
AAVEUSDT,LONG,124.87,120.66,0.2402,-1.011242,SL_hit,2024-04-02 02:20:00+00:00,2024-04-02 02:35:00+00:00,15.0,False,121.377143,130.109286,133.602143,0.0,UNKNOWN,T2
BCHUSDT,LONG,626.72,629.11,0.0479,0.114481,trailing_stop,2024-04-02 14:00:00+00:00,2024-04-02 14:20:00+00:00,20.0,False,603.859286,661.011071,683.871786,0.0,UNKNOWN,T2
BCHUSDT,LONG,635.08,639.69,0.0472,0.217592,trailing_stop,2024-04-03 01:30:00+00:00,2024-04-03 02:00:00+00:00,30.0,False,611.496071,670.455893,694.039821,0.0,UNKNOWN,T2
ARBUSDT,LONG,1.4668,1.4704,20.4527,0.07362972,trailing_stop,2024-04-03 02:00:00+00:00,2024-04-03 02:30:00+00:00,30.0,False,1.431336,1.519996,1.555461,0.0,UNKNOWN,T2
AAVEUSDT,LONG,116.8,117.05,0.2568,0.0642,trailing_stop,2024-04-03 01:45:00+00:00,2024-04-03 06:30:00+00:00,285.0,False,114.119643,120.820536,123.500893,0.0,UNKNOWN,T2
BCHUSDT,LONG,600.04,606.62,0.05,0.329,trailing_stop,2024-04-04 01:00:00+00:00,2024-04-04 01:25:00+00:00,25.0,False,578.641786,632.137321,653.535536,0.0,UNKNOWN,T2
BCHUSDT,LONG,606.62,608.54,0.0495,0.09504,trailing_stop,2024-04-04 01:25:00+00:00,2024-04-04 01:45:00+00:00,20.0,False,585.143214,638.835179,660.311964,0.0,UNKNOWN,T2
ARBUSDT,LONG,1.4952,1.4657,20.0642,-0.5918939,SL_hit,2024-04-04 01:00:00+00:00,2024-04-04 02:25:00+00:00,85.0,False,1.472414,1.529379,1.552164,0.0,UNKNOWN,T2
BCHUSDT,LONG,669.7,678.13,0.0448,0.377664,trailing_stop,2024-04-05 01:00:00+00:00,2024-04-05 02:00:00+00:00,60.0,False,642.096429,711.105357,738.708929,0.0,UNKNOWN,T2
BCHUSDT,LONG,689.73,672.89,0.0435,-0.73254,trailing_stop,2024-04-05 02:00:00+00:00,2024-04-05 02:35:00+00:00,35.0,False,655.956786,740.389821,774.163036,0.0,UNKNOWN,T2
BCHUSDT,LONG,681.4,681.92,0.044,0.02288,trailing_stop,2024-04-05 02:35:00+00:00,2024-04-05 03:00:00+00:00,25.0,False,644.516071,736.725893,773.609821,0.0,UNKNOWN,T2
BCHUSDT,LONG,690.85,693.44,0.0434,0.112406,trailing_stop,2024-04-06 01:00:00+00:00,2024-04-06 01:45:00+00:00,45.0,False,670.685714,721.096429,741.260714,0.0,UNKNOWN,T2
ARBUSDT,LONG,1.4388,1.4439,20.8507,0.10633857,trailing_stop,2024-04-06 01:15:00+00:00,2024-04-06 03:30:00+00:00,135.0,False,1.424693,1.459961,1.474068,0.0,UNKNOWN,T2
AAVEUSDT,LONG,114.21,115.1,0.2627,0.233803,trailing_stop,2024-04-06 01:00:00+00:00,2024-04-06 04:30:00+00:00,210.0,False,113.195714,115.731429,116.745714,0.0,UNKNOWN,T2
ARBUSDT,LONG,1.4945,1.4995,20.0736,0.100368,trailing_stop,2024-04-07 01:00:00+00:00,2024-04-07 02:15:00+00:00,75.0,False,1.478518,1.518473,1.534455,0.0,UNKNOWN,T2
AAVEUSDT,LONG,119.39,120.51,0.2513,0.281456,trailing_stop,2024-04-07 01:00:00+00:00,2024-04-07 02:50:00+00:00,110.0,False,118.070357,121.369464,122.689107,0.0,UNKNOWN,T2
BCHUSDT,LONG,696.47,681.11,0.0431,-0.662016,SL_hit,2024-04-07 01:00:00+00:00,2024-04-07 05:45:00+00:00,285.0,False,681.395,719.0825,734.1575,0.0,UNKNOWN,T2
AAVEUSDT,LONG,123.02,123.31,0.2439,0.070731,trailing_stop,2024-04-08 01:00:00+00:00,2024-04-08 01:35:00+00:00,35.0,False,121.339643,125.540536,127.220893,0.0,UNKNOWN,T2
BCHUSDT,LONG,688.17,694.83,0.0436,0.290376,trailing_stop,2024-04-08 01:00:00+00:00,2024-04-08 01:45:00+00:00,45.0,False,677.87,703.62,713.92,0.0,UNKNOWN,T2
ARBUSDT,LONG,1.5166,1.5048,19.7811,-0.23341698,time_stop,2024-04-08 01:00:00+00:00,2024-04-08 07:00:00+00:00,360.0,False,1.493779,1.550832,1.573654,0.0,UNKNOWN,T2
ARBUSDT,LONG,1.5715,1.5769,19.09,0.103086,trailing_stop,2024-04-09 01:00:00+00:00,2024-04-09 02:35:00+00:00,95.0,False,1.547464,1.607554,1.631589,0.0,UNKNOWN,T2
AAVEUSDT,LONG,128.1,128.55,0.2342,0.10539,trailing_stop,2024-04-09 01:00:00+00:00,2024-04-09 02:55:00+00:00,115.0,False,126.576786,130.384821,131.908036,0.0,UNKNOWN,T2
ARBUSDT,LONG,1.5761,1.5458,19.0343,-0.57673929,SL_hit,2024-04-09 02:35:00+00:00,2024-04-09 06:40:00+00:00,245.0,False,1.54935,1.616225,1.642975,0.0,UNKNOWN,T2
ARBUSDT,LONG,1.4667,1.4675,20.4541,0.01636328,trailing_stop,2024-04-10 16:30:00+00:00,2024-04-10 17:00:00+00:00,30.0,False,1.440004,1.506745,1.533441,0.0,UNKNOWN,T2
AAVEUSDT,LONG,128.26,124.08,0.2339,-0.977702,SL_hit,2024-04-10 16:45:00+00:00,2024-04-10 18:20:00+00:00,95.0,False,125.143929,132.934107,136.050179,0.0,UNKNOWN,T2
BCHUSDT,LONG,619.09,628.64,0.0485,0.463175,trailing_stop,2024-04-10 16:45:00+00:00,2024-04-10 22:35:00+00:00,350.0,False,606.131071,638.528393,651.487321,0.0,UNKNOWN,T2
AAVEUSDT,LONG,131.9,128.35,0.2274,-0.80727,SL_hit,2024-04-11 01:00:00+00:00,2024-04-11 03:40:00+00:00,160.0,False,128.444643,137.083036,140.538393,0.0,UNKNOWN,T2
AAVEUSDT,LONG,128.35,124.26,0.2337,-0.955833,SL_hit,2024-04-11 03:40:00+00:00,2024-04-11 05:20:00+00:00,100.0,False,124.292857,134.435714,138.492857,0.0,UNKNOWN,T2
BCHUSDT,LONG,621.9,618.74,0.0482,-0.152312,time_stop,2024-04-11 01:00:00+00:00,2024-04-11 07:00:00+00:00,360.0,False,611.007143,638.239286,649.132143,0.0,UNKNOWN,T2
ARBUSDT,LONG,1.4265,1.4369,21.0305,0.2187172,trailing_stop,2024-04-12 01:00:00+00:00,2024-04-12 05:10:00+00:00,250.0,False,1.413929,1.445357,1.457929,0.0,UNKNOWN,T2
AAVEUSDT,LONG,118.53,119.38,0.2531,0.215135,trailing_stop,2024-04-12 02:00:00+00:00,2024-04-12 05:10:00+00:00,190.0,False,117.085357,120.696964,122.141607,0.0,UNKNOWN,T2
BCHUSDT,LONG,614.99,607.63,0.0488,-0.359168,SL_hit,2024-04-12 02:15:00+00:00,2024-04-12 05:55:00+00:00,220.0,False,607.836429,625.720357,632.873929,0.0,UNKNOWN,T2
ARBUSDT,LONG,1.1681,1.1708,25.6827,0.06934329,trailing_stop,2024-04-13 05:15:00+00:00,2024-04-13 07:05:00+00:00,110.0,False,1.14485,1.202975,1.226225,0.0,UNKNOWN,T2
BCHUSDT,LONG,547.52,547.63,0.0548,0.006028,trailing_stop,2024-04-13 05:15:00+00:00,2024-04-13 07:10:00+00:00,115.0,False,533.37,568.745,582.895,0.0,UNKNOWN,T2
ARBUSDT,LONG,1.1671,1.171,25.7047,0.10024833,trailing_stop,2024-04-13 12:30:00+00:00,2024-04-13 13:25:00+00:00,55.0,False,1.145171,1.199993,1.221921,0.0,UNKNOWN,T2
ARBUSDT,LONG,1.0304,1.0392,29.1149,0.25621112,trailing_stop,2024-04-14 01:15:00+00:00,2024-04-14 01:40:00+00:00,25.0,False,0.973793,1.115311,1.171918,0.0,UNKNOWN,T2
ARBUSDT,LONG,1.0392,1.0538,28.8684,0.42147864,trailing_stop,2024-04-14 01:40:00+00:00,2024-04-14 04:30:00+00:00,170.0,False,0.982289,1.124566,1.181477,0.0,UNKNOWN,T2
AAVEUSDT,LONG,84.31,84.64,0.3558,0.117414,trailing_stop,2024-04-14 04:15:00+00:00,2024-04-14 05:15:00+00:00,60.0,False,80.8475,89.50375,92.96625,0.0,UNKNOWN,T2
BCHUSDT,LONG,516.89,520.13,0.058,0.18792,trailing_stop,2024-04-15 01:00:00+00:00,2024-04-15 01:45:00+00:00,45.0,False,494.956071,549.790893,571.724821,0.0,UNKNOWN,T2
ARBUSDT,LONG,1.1464,1.1552,26.1689,0.23028632,trailing_stop,2024-04-15 01:00:00+00:00,2024-04-15 02:00:00+00:00,60.0,False,1.110025,1.200963,1.237338,0.0,UNKNOWN,T2
AAVEUSDT,LONG,85.71,86.22,0.35,0.1785,trailing_stop,2024-04-15 01:00:00+00:00,2024-04-15 02:00:00+00:00,60.0,False,82.893929,89.934107,92.750179,0.0,UNKNOWN,T2
AAVEUSDT,LONG,84.73,82.04,0.3541,-0.952529,SL_hit,2024-04-16 12:00:00+00:00,2024-04-16 15:40:00+00:00,220.0,False,82.049643,88.750536,91.430893,0.0,UNKNOWN,T2
ARBUSDT,LONG,1.1456,1.1474,26.1872,0.04713696,trailing_stop,2024-04-17 01:00:00+00:00,2024-04-17 01:35:00+00:00,35.0,False,1.126743,1.173886,1.192743,0.0,UNKNOWN,T2
AAVEUSDT,LONG,85.68,85.61,0.3501,-0.024507,trailing_stop,2024-04-17 01:00:00+00:00,2024-04-17 01:35:00+00:00,35.0,False,83.905,88.3425,90.1175,0.0,UNKNOWN,T2
ARBUSDT,LONG,1.1477,1.1474,26.1392,-0.00784176,trailing_stop,2024-04-17 01:35:00+00:00,2024-04-17 02:15:00+00:00,40.0,False,1.1287,1.1762,1.1952,0.0,UNKNOWN,T2
BCHUSDT,LONG,469.15,468.83,0.0639,-0.020448,trailing_stop,2024-04-18 01:15:00+00:00,2024-04-18 02:10:00+00:00,55.0,False,457.798214,486.177679,497.529464,0.0,UNKNOWN,T2
AAVEUSDT,LONG,85.06,85.33,0.3527,0.095229,trailing_stop,2024-04-18 01:15:00+00:00,2024-04-18 03:15:00+00:00,120.0,False,83.038571,88.092143,90.113571,0.0,UNKNOWN,T2
BCHUSDT,LONG,468.83,476.6,0.064,0.49728,trailing_stop,2024-04-18 02:10:00+00:00,2024-04-18 03:15:00+00:00,65.0,False,456.385357,487.496964,499.941607,0.0,UNKNOWN,T2
AAVEUSDT,LONG,84.52,87.48,0.3549,1.050504,trailing_stop,2024-04-19 04:30:00+00:00,2024-04-19 07:05:00+00:00,155.0,False,81.003929,89.794107,93.310179,0.0,UNKNOWN,T2
ARBUSDT,LONG,1.1472,1.1469,26.1506,-0.00784518,trailing_stop,2024-04-19 12:00:00+00:00,2024-04-19 12:50:00+00:00,50.0,False,1.125075,1.180388,1.202512,0.0,UNKNOWN,T2
BCHUSDT,LONG,478.67,480.23,0.0627,0.097812,trailing_stop,2024-04-19 12:00:00+00:00,2024-04-19 12:50:00+00:00,50.0,False,469.514643,492.403036,501.558393,0.0,UNKNOWN,T2
AAVEUSDT,LONG,85.94,86.3,0.3491,0.125676,trailing_stop,2024-04-20 01:15:00+00:00,2024-04-20 02:15:00+00:00,60.0,False,83.872143,89.041786,91.109643,0.0,UNKNOWN,T2
AAVEUSDT,LONG,86.6,86.71,0.3464,0.038104,trailing_stop,2024-04-20 02:15:00+00:00,2024-04-20 02:50:00+00:00,35.0,False,84.489286,89.766071,91.876786,0.0,UNKNOWN,T2
BCHUSDT,LONG,478.5,477.08,0.0627,-0.089034,time_stop,2024-04-20 01:45:00+00:00,2024-04-20 07:45:00+00:00,360.0,False,466.525,496.4625,508.4375,0.0,UNKNOWN,T2
AAVEUSDT,LONG,91.62,91.97,0.3274,0.11459,trailing_stop,2024-04-21 01:00:00+00:00,2024-04-21 02:05:00+00:00,65.0,False,90.102143,93.896786,95.414643,0.0,UNKNOWN,T2
ARBUSDT,LONG,1.2086,1.2193,24.8221,0.26559647,trailing_stop,2024-04-21 01:00:00+00:00,2024-04-21 02:35:00+00:00,95.0,False,1.189296,1.237555,1.256859,0.0,UNKNOWN,T2
AAVEUSDT,LONG,92.2,92.49,0.3254,0.094366,trailing_stop,2024-04-21 02:05:00+00:00,2024-04-21 02:35:00+00:00,30.0,False,90.853571,94.219643,95.566071,0.0,UNKNOWN,T2
ARBUSDT,LONG,1.1951,1.194,25.1025,-0.02761275,trailing_stop,2024-04-22 01:00:00+00:00,2024-04-22 01:25:00+00:00,25.0,False,1.176618,1.222823,1.241305,0.0,UNKNOWN,T2
BCHUSDT,LONG,504.41,502.72,0.0595,-0.100555,trailing_stop,2024-04-22 01:00:00+00:00,2024-04-22 01:25:00+00:00,25.0,False,496.406429,516.415357,524.418929,0.0,UNKNOWN,T2
AAVEUSDT,LONG,91.34,91.04,0.3284,-0.09852,trailing_stop,2024-04-22 01:00:00+00:00,2024-04-22 01:25:00+00:00,25.0,False,89.966786,93.399821,94.773036,0.0,UNKNOWN,T2
ARBUSDT,LONG,1.2176,1.201,24.6386,-0.40900076,SL_hit,2024-04-23 01:00:00+00:00,2024-04-23 02:55:00+00:00,115.0,False,1.203671,1.238493,1.252421,0.0,UNKNOWN,T2
BCHUSDT,LONG,520.7,512.32,0.0576,-0.482688,SL_hit,2024-04-23 01:00:00+00:00,2024-04-23 03:35:00+00:00,155.0,False,513.308929,531.786607,539.177679,0.0,UNKNOWN,T2
AAVEUSDT,LONG,97.25,95.96,0.3085,-0.397965,SL_hit,2024-04-23 01:00:00+00:00,2024-04-23 03:40:00+00:00,160.0,False,95.998214,99.127679,100.379464,0.0,UNKNOWN,T2
AAVEUSDT,LONG,95.63,96.27,0.3137,0.200768,trailing_stop,2024-04-24 01:00:00+00:00,2024-04-24 05:05:00+00:00,245.0,False,94.315714,97.601429,98.915714,0.0,UNKNOWN,T2
ARBUSDT,LONG,1.1842,1.195,25.3336,0.27360288,trailing_stop,2024-04-24 01:00:00+00:00,2024-04-24 05:15:00+00:00,255.0,False,1.170736,1.204396,1.217861,0.0,UNKNOWN,T2
BCHUSDT,LONG,510.2,508.56,0.0588,-0.096432,time_stop,2024-04-24 01:15:00+00:00,2024-04-24 07:15:00+00:00,360.0,False,503.560714,520.158929,526.798214,0.0,UNKNOWN,T2
BCHUSDT,LONG,482.91,474.33,0.0621,-0.532818,SL_hit,2024-04-25 05:30:00+00:00,2024-04-25 08:40:00+00:00,190.0,False,474.486786,495.544821,503.968036,0.0,UNKNOWN,T2
BCHUSDT,LONG,478.59,469.29,0.0627,-0.58311,SL_hit,2024-04-25 12:15:00+00:00,2024-04-25 13:10:00+00:00,55.0,False,470.3275,490.98375,499.24625,0.0,UNKNOWN,T2
AAVEUSDT,LONG,90.13,88.24,0.3329,-0.629181,SL_hit,2024-04-25 12:00:00+00:00,2024-04-25 13:15:00+00:00,75.0,False,88.337143,92.819286,94.612143,0.0,UNKNOWN,T2
BCHUSDT,LONG,477.17,480.46,0.0629,0.206941,trailing_stop,2024-04-26 04:30:00+00:00,2024-04-26 09:35:00+00:00,305.0,False,468.621786,489.992321,498.540536,0.0,UNKNOWN,T2
ARBUSDT,LONG,1.0922,1.075,27.4675,-0.472441,SL_hit,2024-04-26 05:45:00+00:00,2024-04-26 10:30:00+00:00,285.0,False,1.075271,1.117593,1.134521,0.0,UNKNOWN,T2
BCHUSDT,LONG,482.11,483.03,0.0622,0.057224,trailing_stop,2024-04-26 12:00:00+00:00,2024-04-26 17:15:00+00:00,315.0,False,475.592143,491.886786,498.404643,0.0,UNKNOWN,T2
AAVEUSDT,LONG,89.31,88.86,0.3359,-0.151155,time_stop,2024-04-27 04:30:00+00:00,2024-04-27 10:30:00+00:00,360.0,False,87.383214,92.200179,94.126964,0.0,UNKNOWN,T2
ARBUSDT,LONG,1.0574,1.0399,28.3715,-0.49650125,SL_hit,2024-04-27 04:45:00+00:00,2024-04-27 10:30:00+00:00,345.0,False,1.040204,1.083195,1.100391,0.0,UNKNOWN,T2
ARBUSDT,LONG,1.0502,1.0534,28.566,0.0914112,trailing_stop,2024-04-27 12:45:00+00:00,2024-04-27 13:25:00+00:00,40.0,False,1.036289,1.071066,1.084977,0.0,UNKNOWN,T2
ARBUSDT,LONG,1.1217,1.1292,26.7451,0.20058825,trailing_stop,2024-04-28 01:00:00+00:00,2024-04-28 01:45:00+00:00,45.0,False,1.105182,1.146477,1.162995,0.0,UNKNOWN,T2
AAVEUSDT,LONG,91.93,92.65,0.3263,0.234936,trailing_stop,2024-04-28 01:00:00+00:00,2024-04-28 03:15:00+00:00,135.0,False,91.158571,93.087143,93.858571,0.0,UNKNOWN,T2
BCHUSDT,LONG,478.38,484.95,0.0627,0.47429415,trailing_stop,2024-04-28 01:00:00+00:00,2024-04-28 03:30:00+00:00,150.0,True,473.126429,486.260357,491.513929,0.0,UNKNOWN,T2
BCHUSDT,LONG,458.07,459.43,0.0655,0.08908,trailing_stop,2024-04-29 14:45:00+00:00,2024-04-29 15:35:00+00:00,50.0,False,448.441429,472.512857,482.141429,0.0,UNKNOWN,T2
ARBUSDT,LONG,1.0621,1.0412,28.2459,-0.59033931,SL_hit,2024-04-29 15:15:00+00:00,2024-04-29 18:10:00+00:00,175.0,False,1.041314,1.093279,1.114064,0.0,UNKNOWN,T2
AAVEUSDT,LONG,88.56,87.99,0.3388,-0.193116,time_stop,2024-04-29 15:00:00+00:00,2024-04-29 21:00:00+00:00,360.0,False,86.824286,91.163571,92.899286,0.0,UNKNOWN,T2
ARBUSDT,LONG,1.0634,1.0392,28.2114,-0.68271588,SL_hit,2024-04-30 01:00:00+00:00,2024-04-30 02:00:00+00:00,60.0,False,1.045346,1.09048,1.108534,0.0,UNKNOWN,T2
BCHUSDT,LONG,467.31,456.6,0.0642,-0.687582,SL_hit,2024-04-30 01:00:00+00:00,2024-04-30 02:00:00+00:00,60.0,False,459.652857,478.795714,486.452857,0.0,UNKNOWN,T2
AAVEUSDT,LONG,89.84,87.61,0.3339,-0.744597,SL_hit,2024-04-30 01:00:00+00:00,2024-04-30 02:00:00+00:00,60.0,False,88.332857,92.100714,93.607857,0.0,UNKNOWN,T2
AAVEUSDT,LONG,106.63,106.72,0.2813,0.025317,trailing_stop,2024-08-01 01:00:00+00:00,2024-08-01 01:50:00+00:00,50.0,False,100.601429,115.672857,121.701429,0.0,UNKNOWN,T2
AAVEUSDT,LONG,106.85,105.17,0.2808,-0.471744,time_stop,2024-08-01 01:50:00+00:00,2024-08-01 07:50:00+00:00,360.0,False,100.633929,116.174107,122.390179,0.0,UNKNOWN,T2
BCHUSDT,LONG,423.05,417.08,0.0709,-0.423273,SL_hit,2024-08-01 12:00:00+00:00,2024-08-01 13:20:00+00:00,80.0,False,417.782143,430.951786,436.219643,0.0,UNKNOWN,T2
AAVEUSDT,LONG,115.33,115.73,0.2601,0.10404,trailing_stop,2024-08-02 01:00:00+00:00,2024-08-02 01:45:00+00:00,45.0,False,112.396071,119.730893,122.664821,0.0,UNKNOWN,T2
ARBUSDT,LONG,0.6474,0.636,46.3392,-0.52826688,SL_hit,2024-08-02 01:00:00+00:00,2024-08-02 02:20:00+00:00,80.0,False,0.637936,0.661596,0.671061,0.0,UNKNOWN,T2
BCHUSDT,LONG,410.33,402.81,0.0731,-0.549712,SL_hit,2024-08-02 01:30:00+00:00,2024-08-02 02:25:00+00:00,55.0,False,403.356786,420.789821,427.763036,0.0,UNKNOWN,T2
AAVEUSDT,LONG,109.89,111.53,0.273,0.44772,trailing_stop,2024-08-03 05:00:00+00:00,2024-08-03 05:40:00+00:00,40.0,False,106.857857,114.438214,117.470357,0.0,UNKNOWN,T2
ARBUSDT,LONG,0.606,0.6118,49.505,0.287129,trailing_stop,2024-08-03 03:30:00+00:00,2024-08-03 07:20:00+00:00,230.0,False,0.591786,0.627321,0.641536,0.0,UNKNOWN,T2
AAVEUSDT,LONG,111.53,112.64,0.269,0.29859,trailing_stop,2024-08-03 05:40:00+00:00,2024-08-03 08:00:00+00:00,140.0,False,108.699643,115.775536,118.605893,0.0,UNKNOWN,T2
ARBUSDT,LONG,0.6107,0.6121,49.124,0.0687736,trailing_stop,2024-08-04 01:00:00+00:00,2024-08-04 01:55:00+00:00,55.0,False,0.5992,0.62795,0.63945,0.0,UNKNOWN,T2
ARBUSDT,LONG,0.6121,0.6161,49.0116,0.1960464,trailing_stop,2024-08-04 01:55:00+00:00,2024-08-04 02:15:00+00:00,20.0,False,0.600118,0.630073,0.642055,0.0,UNKNOWN,T2
BCHUSDT,LONG,364.19,360.39,0.0824,-0.31312,time_stop,2024-08-04 01:00:00+00:00,2024-08-04 07:00:00+00:00,360.0,False,358.965,372.0275,377.2525,0.0,UNKNOWN,T2
BCHUSDT,LONG,302.55,304.44,0.0992,0.187488,trailing_stop,2024-08-05 14:00:00+00:00,2024-08-05 14:20:00+00:00,20.0,False,283.519643,331.095536,350.125893,0.0,UNKNOWN,T2
AAVEUSDT,LONG,86.79,88.66,0.3457,0.646459,trailing_stop,2024-08-05 13:45:00+00:00,2024-08-05 14:25:00+00:00,40.0,False,80.872143,95.666786,101.584643,0.0,UNKNOWN,T2
ARBUSDT,LONG,0.4684,0.4684,64.0478,0.0,trailing_stop,2024-08-05 14:15:00+00:00,2024-08-05 14:25:00+00:00,10.0,False,0.439668,0.511498,0.54023,0.0,UNKNOWN,T2
AAVEUSDT,LONG,101.62,102.86,0.2952,0.366048,trailing_stop,2024-08-06 01:00:00+00:00,2024-08-06 02:40:00+00:00,100.0,False,97.264643,108.153036,112.508393,0.0,UNKNOWN,T2
ARBUSDT,LONG,0.5174,0.5012,57.9822,-0.93931164,SL_hit,2024-08-06 01:00:00+00:00,2024-08-06 04:00:00+00:00,180.0,False,0.5019,0.54065,0.55615,0.0,UNKNOWN,T2
BCHUSDT,LONG,328.61,317.53,0.0913,-1.011604,SL_hit,2024-08-06 01:00:00+00:00,2024-08-06 04:00:00+00:00,180.0,False,319.013571,343.004643,352.601071,0.0,UNKNOWN,T2
AAVEUSDT,LONG,102.75,103.52,0.292,0.22484,trailing_stop,2024-08-07 01:30:00+00:00,2024-08-07 02:00:00+00:00,30.0,False,98.983929,108.399107,112.165179,0.0,UNKNOWN,T2
ARBUSDT,LONG,0.5138,0.5151,58.3885,0.07590505,trailing_stop,2024-08-07 01:45:00+00:00,2024-08-07 02:35:00+00:00,50.0,False,0.500979,0.533032,0.545854,0.0,UNKNOWN,T2
AAVEUSDT,LONG,103.5,104.2,0.2899,0.20293,trailing_stop,2024-08-07 02:00:00+00:00,2024-08-07 02:35:00+00:00,35.0,False,100.241071,108.388393,111.647321,0.0,UNKNOWN,T2
AAVEUSDT,LONG,99.93,99.93,0.3002,0.0,trailing_stop,2024-08-08 01:15:00+00:00,2024-08-08 01:25:00+00:00,10.0,False,96.744286,104.708571,107.894286,0.0,UNKNOWN,T2
AAVEUSDT,LONG,99.93,101.86,0.3002,0.579386,trailing_stop,2024-08-08 01:25:00+00:00,2024-08-08 01:45:00+00:00,20.0,False,96.744286,104.708571,107.894286,0.0,UNKNOWN,T2
BCHUSDT,LONG,319.71,327.59,0.0938,0.739144,trailing_stop,2024-08-08 01:00:00+00:00,2024-08-08 02:30:00+00:00,90.0,False,311.033214,332.725179,341.401964,0.0,UNKNOWN,T2
ARBUSDT,LONG,0.5551,0.5568,54.0443,0.09187531,trailing_stop,2024-08-09 01:00:00+00:00,2024-08-09 01:45:00+00:00,45.0,False,0.540207,0.577439,0.592332,0.0,UNKNOWN,T2
AAVEUSDT,LONG,99.14,99.15,0.3026,0.003026,trailing_stop,2024-08-09 01:00:00+00:00,2024-08-09 01:45:00+00:00,45.0,False,95.9775,103.88375,107.04625,0.0,UNKNOWN,T2
BCHUSDT,LONG,352.52,352.48,0.0851,-0.003404,trailing_stop,2024-08-09 01:00:00+00:00,2024-08-09 02:30:00+00:00,90.0,False,337.587857,374.918214,389.850357,0.0,UNKNOWN,T2
BCHUSDT,LONG,349.14,350.54,0.0859,0.12026,trailing_stop,2024-08-10 01:00:00+00:00,2024-08-10 03:40:00+00:00,160.0,False,341.882857,360.025714,367.282857,0.0,UNKNOWN,T2
ARBUSDT,LONG,0.5701,0.5812,52.6223,0.58410753,trailing_stop,2024-08-10 01:00:00+00:00,2024-08-10 06:50:00+00:00,350.0,False,0.555814,0.591529,0.605814,0.0,UNKNOWN,T2
AAVEUSDT,LONG,96.0,95.4,0.3125,-0.1875,time_stop,2024-08-10 01:00:00+00:00,2024-08-10 07:00:00+00:00,360.0,False,93.860714,99.208929,101.348214,0.0,UNKNOWN,T2
ARBUSDT,LONG,0.5798,0.5822,51.742,0.1241808,trailing_stop,2024-08-11 01:00:00+00:00,2024-08-11 03:40:00+00:00,160.0,False,0.574211,0.588184,0.593773,0.0,UNKNOWN,T2
AAVEUSDT,LONG,94.7,94.79,0.3168,0.028512,trailing_stop,2024-08-11 02:00:00+00:00,2024-08-11 03:45:00+00:00,105.0,False,93.289286,96.816071,98.226786,0.0,UNKNOWN,T2
BCHUSDT,LONG,355.73,351.11,0.0843,-0.389466,SL_hit,2024-08-11 01:00:00+00:00,2024-08-11 04:15:00+00:00,195.0,False,351.851429,361.547857,365.426429,0.0,UNKNOWN,T2
AAVEUSDT,LONG,91.95,93.33,0.3263,0.450294,trailing_stop,2024-08-12 04:15:00+00:00,2024-08-12 05:20:00+00:00,65.0,False,90.458929,94.186607,95.677679,0.0,UNKNOWN,T2
BCHUSDT,LONG,334.48,338.14,0.0897,0.328302,trailing_stop,2024-08-12 02:45:00+00:00,2024-08-12 05:35:00+00:00,170.0,False,328.988929,342.716607,348.207679,0.0,UNKNOWN,T2
AAVEUSDT,LONG,93.57,95.03,0.3206,0.468076,trailing_stop,2024-08-12 05:20:00+00:00,2024-08-12 10:25:00+00:00,305.0,False,91.943214,96.010179,97.636964,0.0,UNKNOWN,T2
AAVEUSDT,LONG,96.2,96.7,0.3119,0.15595,trailing_stop,2024-08-13 01:00:00+00:00,2024-08-13 01:30:00+00:00,30.0,False,94.328571,99.007143,100.878571,0.0,UNKNOWN,T2
ARBUSDT,LONG,0.5842,0.5861,51.3523,0.09756937,trailing_stop,2024-08-13 01:00:00+00:00,2024-08-13 02:05:00+00:00,65.0,False,0.572771,0.601343,0.612771,0.0,UNKNOWN,T2
BCHUSDT,LONG,363.24,351.57,0.0826,-0.963942,SL_hit,2024-08-13 01:00:00+00:00,2024-08-13 03:10:00+00:00,130.0,False,352.347143,379.579286,390.472143,0.0,UNKNOWN,T2
AAVEUSDT,LONG,97.03,97.71,0.3092,0.210256,trailing_stop,2024-08-14 01:00:00+00:00,2024-08-14 05:20:00+00:00,260.0,False,95.685357,99.046964,100.391607,0.0,UNKNOWN,T2
ARBUSDT,LONG,0.5802,0.5824,51.7063,0.11375386,trailing_stop,2024-08-14 03:15:00+00:00,2024-08-14 05:35:00+00:00,140.0,False,0.571843,0.592736,0.601093,0.0,UNKNOWN,T2
AAVEUSDT,LONG,97.71,98.35,0.307,0.19648,trailing_stop,2024-08-14 05:20:00+00:00,2024-08-14 06:25:00+00:00,65.0,False,96.504643,99.518036,100.723393,0.0,UNKNOWN,T2
AAVEUSDT,LONG,106.2,106.56,0.2825,0.1017,trailing_stop,2024-08-15 01:00:00+00:00,2024-08-15 02:45:00+00:00,105.0,False,104.125,109.3125,111.3875,0.0,UNKNOWN,T2
AAVEUSDT,LONG,106.42,106.53,0.2819,0.031009,trailing_stop,2024-08-15 02:45:00+00:00,2024-08-15 03:40:00+00:00,55.0,False,104.084286,109.923571,112.259286,0.0,UNKNOWN,T2
AAVEUSDT,LONG,106.53,104.35,0.2816,-0.613888,SL_hit,2024-08-15 03:40:00+00:00,2024-08-15 09:05:00+00:00,325.0,False,104.374643,109.763036,111.918393,0.0,UNKNOWN,T2
BCHUSDT,LONG,336.83,331.25,0.0891,-0.497178,SL_hit,2024-08-16 01:00:00+00:00,2024-08-16 01:45:00+00:00,45.0,False,332.144286,343.858571,348.544286,0.0,UNKNOWN,T2
AAVEUSDT,LONG,108.38,108.86,0.2768,0.132864,trailing_stop,2024-08-16 01:45:00+00:00,2024-08-16 02:40:00+00:00,55.0,False,105.9425,112.03625,114.47375,0.0,UNKNOWN,T2
BCHUSDT,LONG,338.0,338.0,0.0888,0.0,trailing_stop,2024-08-16 02:30:00+00:00,2024-08-16 02:40:00+00:00,10.0,False,331.930357,347.104464,353.174107,0.0,UNKNOWN,T2
AAVEUSDT,LONG,112.53,113.58,0.2666,0.27993,trailing_stop,2024-08-17 01:00:00+00:00,2024-08-17 01:45:00+00:00,45.0,False,110.224643,115.988036,118.293393,0.0,UNKNOWN,T2
BCHUSDT,LONG,339.07,338.02,0.0885,-0.092925,time_stop,2024-08-17 01:00:00+00:00,2024-08-17 07:00:00+00:00,360.0,False,335.671786,344.167321,347.565536,0.0,UNKNOWN,T2
ARBUSDT,LONG,0.535,0.5314,56.0748,-0.20186928,time_stop,2024-08-17 01:15:00+00:00,2024-08-17 07:15:00+00:00,360.0,False,0.5305,0.54175,0.54625,0.0,UNKNOWN,T2
BCHUSDT,LONG,341.96,342.4,0.0877,0.038588,trailing_stop,2024-08-18 01:00:00+00:00,2024-08-18 03:05:00+00:00,125.0,False,339.263571,346.004643,348.701071,0.0,UNKNOWN,T2
AAVEUSDT,LONG,112.52,110.84,0.2666,-0.447888,SL_hit,2024-08-18 01:00:00+00:00,2024-08-18 03:20:00+00:00,140.0,False,111.005714,114.791429,116.305714,0.0,UNKNOWN,T2
ARBUSDT,LONG,0.5414,0.5368,55.4119,-0.25489474,SL_hit,2024-08-18 01:00:00+00:00,2024-08-18 04:20:00+00:00,200.0,False,0.537329,0.547507,0.551579,0.0,UNKNOWN,T2
AAVEUSDT,LONG,111.62,111.6,0.2688,-0.005376,trailing_stop,2024-08-19 01:00:00+00:00,2024-08-19 02:00:00+00:00,60.0,False,109.714643,114.478036,116.383393,0.0,UNKNOWN,T2
AAVEUSDT,LONG,111.17,111.03,0.2699,-0.037786,trailing_stop,2024-08-19 02:00:00+00:00,2024-08-19 02:40:00+00:00,40.0,False,109.050357,114.349464,116.469107,0.0,UNKNOWN,T2
AAVEUSDT,LONG,111.03,111.85,0.2702,0.221564,trailing_stop,2024-08-19 02:40:00+00:00,2024-08-19 03:30:00+00:00,50.0,False,108.912143,114.206786,116.324643,0.0,UNKNOWN,T2
AAVEUSDT,LONG,118.66,119.53,0.2528,0.219936,trailing_stop,2024-08-20 01:00:00+00:00,2024-08-20 01:25:00+00:00,25.0,False,116.520714,121.868929,124.008214,0.0,UNKNOWN,T2
BCHUSDT,LONG,342.48,345.08,0.0876,0.22776,trailing_stop,2024-08-20 01:00:00+00:00,2024-08-20 05:25:00+00:00,265.0,False,338.513929,348.429107,352.395179,0.0,UNKNOWN,T2
ARBUSDT,LONG,0.5479,0.5514,54.7545,0.19164075,trailing_stop,2024-08-20 01:00:00+00:00,2024-08-20 05:30:00+00:00,270.0,False,0.540132,0.559552,0.56732,0.0,UNKNOWN,T2
AAVEUSDT,LONG,130.57,131.51,0.2298,0.216012,trailing_stop,2024-08-21 01:00:00+00:00,2024-08-21 02:10:00+00:00,70.0,False,126.425357,136.786964,140.931607,0.0,UNKNOWN,T2
AAVEUSDT,LONG,131.51,131.97,0.2281,0.104926,trailing_stop,2024-08-21 02:10:00+00:00,2024-08-21 02:50:00+00:00,40.0,False,127.693929,137.234107,141.050179,0.0,UNKNOWN,T2
BCHUSDT,LONG,336.65,338.25,0.0891,0.14256,time_stop,2024-08-21 01:00:00+00:00,2024-08-21 07:00:00+00:00,360.0,False,331.180357,344.854464,350.324107,0.0,UNKNOWN,T2
AAVEUSDT,LONG,141.11,137.79,0.2126,-0.705832,SL_hit,2024-08-22 01:00:00+00:00,2024-08-22 02:15:00+00:00,75.0,False,138.343929,145.259107,148.025179,0.0,UNKNOWN,T2
ARBUSDT,LONG,0.5527,0.5477,54.279,-0.271395,SL_hit,2024-08-22 01:00:00+00:00,2024-08-22 02:25:00+00:00,85.0,False,0.548182,0.559477,0.563995,0.0,UNKNOWN,T2
BCHUSDT,LONG,347.83,342.87,0.0862,-0.427552,SL_hit,2024-08-22 01:00:00+00:00,2024-08-22 02:50:00+00:00,110.0,False,343.160357,354.834464,359.504107,0.0,UNKNOWN,T2
ARBUSDT,LONG,0.5642,0.5672,53.1726,0.1595178,trailing_stop,2024-08-23 01:00:00+00:00,2024-08-23 05:40:00+00:00,280.0,False,0.559111,0.571834,0.576923,0.0,UNKNOWN,T2
ARBUSDT,LONG,0.5672,0.571,52.8914,0.20098732,trailing_stop,2024-08-23 05:40:00+00:00,2024-08-23 06:25:00+00:00,45.0,False,0.561504,0.575745,0.581441,0.0,UNKNOWN,T2
BCHUSDT,LONG,347.15,351.39,0.0864,0.3758832,trailing_stop,2024-08-23 03:15:00+00:00,2024-08-23 07:10:00+00:00,235.0,True,344.5125,351.10625,353.74375,0.0,UNKNOWN,T2
BCHUSDT,LONG,362.05,357.5,0.0829,-0.377195,SL_hit,2024-08-24 01:00:00+00:00,2024-08-24 01:25:00+00:00,25.0,False,357.858929,368.336607,372.527679,0.0,UNKNOWN,T2
ARBUSDT,LONG,0.6021,0.6042,49.8256,0.10463376,trailing_stop,2024-08-24 01:00:00+00:00,2024-08-24 04:50:00+00:00,230.0,False,0.592689,0.616216,0.625627,0.0,UNKNOWN,T2
AAVEUSDT,LONG,142.02,139.06,0.2112,-0.625152,time_stop,2024-08-24 01:00:00+00:00,2024-08-24 07:00:00+00:00,360.0,False,138.595,147.1575,150.5825,0.0,UNKNOWN,T2
AAVEUSDT,LONG,135.54,137.37,0.2213,0.4855322,trailing_stop,2024-08-25 12:30:00+00:00,2024-08-25 15:30:00+00:00,180.0,True,134.023929,137.814107,139.330179,0.0,UNKNOWN,T2
BCHUSDT,LONG,357.08,357.33,0.084,0.021,trailing_stop,2024-08-25 13:15:00+00:00,2024-08-25 15:35:00+00:00,140.0,False,354.056786,361.614821,364.638036,0.0,UNKNOWN,T2
ARBUSDT,LONG,0.6027,0.6002,49.776,-0.12444,time_stop,2024-08-25 13:15:00+00:00,2024-08-25 19:15:00+00:00,360.0,False,0.595718,0.613173,0.620155,0.0,UNKNOWN,T2
ARBUSDT,LONG,0.6025,0.599,49.7925,-0.17427375,time_stop,2024-08-26 03:45:00+00:00,2024-08-26 09:45:00+00:00,360.0,False,0.592875,0.616938,0.626562,0.0,UNKNOWN,T2
BCHUSDT,LONG,344.72,345.28,0.087,0.04872,trailing_stop,2024-08-27 01:30:00+00:00,2024-08-27 06:05:00+00:00,275.0,False,341.096786,350.154821,353.778036,0.0,UNKNOWN,T2
AAVEUSDT,LONG,129.86,128.46,0.231,-0.3234,SL_hit,2024-08-27 05:45:00+00:00,2024-08-27 06:30:00+00:00,45.0,False,128.474286,131.938571,133.324286,0.0,UNKNOWN,T2
BCHUSDT,LONG,324.46,321.15,0.0925,-0.306175,SL_hit,2024-08-28 05:45:00+00:00,2024-08-28 07:50:00+00:00,125.0,False,321.3225,329.16625,332.30375,0.0,UNKNOWN,T2
AAVEUSDT,LONG,121.91,124.21,0.2461,0.56603,time_stop,2024-08-28 03:00:00+00:00,2024-08-28 09:00:00+00:00,360.0,False,119.538571,125.467143,127.838571,0.0,UNKNOWN,T2
ARBUSDT,LONG,0.5326,0.5222,56.3275,-0.585806,SL_hit,2024-08-28 12:00:00+00:00,2024-08-28 13:55:00+00:00,115.0,False,0.523082,0.546877,0.556395,0.0,UNKNOWN,T2
AAVEUSDT,LONG,125.0,122.52,0.24,-0.5952,SL_hit,2024-08-29 01:00:00+00:00,2024-08-29 03:40:00+00:00,160.0,False,122.839286,128.241071,130.401786,0.0,UNKNOWN,T2
BCHUSDT,LONG,323.31,323.69,0.0928,0.035264,trailing_stop,2024-08-29 01:00:00+00:00,2024-08-29 04:10:00+00:00,190.0,False,319.2975,329.32875,333.34125,0.0,UNKNOWN,T2
ARBUSDT,LONG,0.5228,0.5259,57.3833,0.17788823,trailing_stop,2024-08-29 01:00:00+00:00,2024-08-29 06:25:00+00:00,325.0,False,0.514621,0.535068,0.543246,0.0,UNKNOWN,T2
BCHUSDT,LONG,322.36,323.7,0.0931,0.124754,trailing_stop,2024-08-30 04:30:00+00:00,2024-08-30 07:50:00+00:00,200.0,False,319.133214,327.200179,330.426964,0.0,UNKNOWN,T2
AAVEUSDT,LONG,124.81,125.01,0.2404,0.04808,trailing_stop,2024-08-30 12:00:00+00:00,2024-08-30 12:35:00+00:00,35.0,False,123.0725,127.41625,129.15375,0.0,UNKNOWN,T2
BCHUSDT,LONG,325.06,322.53,0.0923,-0.233519,SL_hit,2024-08-30 12:00:00+00:00,2024-08-30 13:50:00+00:00,110.0,False,322.61,328.735,331.185,0.0,UNKNOWN,T2
AAVEUSDT,LONG,131.28,131.65,0.2285,0.084545,trailing_stop,2024-08-31 01:00:00+00:00,2024-08-31 01:40:00+00:00,40.0,False,128.583571,135.324643,138.021071,0.0,UNKNOWN,T2
ARBUSDT,LONG,0.5169,0.5127,58.0383,-0.24376086,time_stop,2024-08-31 01:00:00+00:00,2024-08-31 07:00:00+00:00,360.0,False,0.511525,0.524962,0.530337,0.0,UNKNOWN,T2
BCHUSDT,LONG,325.02,325.65,0.0923,0.058149,time_stop,2024-08-31 01:00:00+00:00,2024-08-31 07:00:00+00:00,360.0,False,322.403929,328.944107,331.560179,0.0,UNKNOWN,T2
ARBUSDT,LONG,0.5289,0.5207,56.7215,-0.4651163,SL_hit,2024-11-01 01:00:00+00:00,2024-11-01 02:00:00+00:00,60.0,False,0.522471,0.538543,0.544971,0.0,UNKNOWN,T2
AAVEUSDT,LONG,143.8,144.24,0.2086,0.091784,trailing_stop,2024-11-01 01:00:00+00:00,2024-11-01 05:10:00+00:00,250.0,False,139.932143,149.601786,153.469643,0.0,UNKNOWN,T2
BCHUSDT,LONG,354.32,345.93,0.0847,-0.710633,time_stop,2024-11-01 01:00:00+00:00,2024-11-01 07:00:00+00:00,360.0,False,344.380714,369.228929,379.168214,0.0,UNKNOWN,T2
ARBUSDT,LONG,0.5256,0.5215,57.0776,-0.23401816,SL_hit,2024-11-02 02:15:00+00:00,2024-11-02 03:25:00+00:00,70.0,False,0.521546,0.53168,0.535734,0.0,UNKNOWN,T2
BCHUSDT,LONG,350.97,347.97,0.0855,-0.2565,SL_hit,2024-11-02 01:00:00+00:00,2024-11-02 05:00:00+00:00,240.0,False,348.080714,355.303929,358.193214,0.0,UNKNOWN,T2
AAVEUSDT,LONG,142.95,141.49,0.2099,-0.306454,SL_hit,2024-11-02 01:45:00+00:00,2024-11-02 07:15:00+00:00,330.0,False,141.730357,144.779464,145.999107,0.0,UNKNOWN,T2
BCHUSDT,LONG,352.47,347.88,0.0851,-0.390609,SL_hit,2024-11-03 01:00:00+00:00,2024-11-03 02:25:00+00:00,85.0,False,349.161071,357.433393,360.742321,0.0,UNKNOWN,T2
BCHUSDT,LONG,350.74,352.2,0.0855,0.12483,trailing_stop,2024-11-03 04:15:00+00:00,2024-11-03 04:40:00+00:00,25.0,False,344.34,360.34,366.74,0.0,UNKNOWN,T2
BCHUSDT,LONG,352.2,343.8,0.0852,-0.71568,SL_hit,2024-11-03 04:40:00+00:00,2024-11-03 05:45:00+00:00,65.0,False,345.4875,362.26875,368.98125,0.0,UNKNOWN,T2
ARBUSDT,LONG,0.4838,0.4872,62.0091,0.21083094,trailing_stop,2024-11-04 01:15:00+00:00,2024-11-04 03:10:00+00:00,115.0,False,0.477282,0.493577,0.500095,0.0,UNKNOWN,T2
AAVEUSDT,LONG,133.28,133.88,0.2251,0.13506,trailing_stop,2024-11-04 01:15:00+00:00,2024-11-04 03:15:00+00:00,120.0,False,131.4425,136.03625,137.87375,0.0,UNKNOWN,T2
BCHUSDT,LONG,340.42,334.46,0.0881,-0.525076,SL_hit,2024-11-04 02:45:00+00:00,2024-11-04 05:50:00+00:00,185.0,False,334.480714,349.328929,355.268214,0.0,UNKNOWN,T2
ARBUSDT,LONG,0.4762,0.4771,62.9987,0.05669883,trailing_stop,2024-11-05 01:00:00+00:00,2024-11-05 02:20:00+00:00,80.0,False,0.466486,0.490771,0.500486,0.0,UNKNOWN,T2
AAVEUSDT,LONG,128.92,130.69,0.2327,0.411879,trailing_stop,2024-11-05 01:00:00+00:00,2024-11-05 02:45:00+00:00,105.0,False,126.171786,133.042321,135.790536,0.0,UNKNOWN,T2
ARBUSDT,LONG,0.4777,0.4808,62.8009,0.19468279,trailing_stop,2024-11-05 02:20:00+00:00,2024-11-05 06:05:00+00:00,225.0,False,0.470343,0.488736,0.496093,0.0,UNKNOWN,T2
AAVEUSDT,LONG,145.23,141.63,0.2066,-0.74376,SL_hit,2024-11-06 01:00:00+00:00,2024-11-06 01:35:00+00:00,35.0,False,141.738929,150.466607,153.957679,0.0,UNKNOWN,T2
ARBUSDT,LONG,0.5084,0.5127,59.0087,0.25373741,trailing_stop,2024-11-06 01:00:00+00:00,2024-11-06 02:40:00+00:00,100.0,False,0.500186,0.520721,0.528936,0.0,UNKNOWN,T2
BCHUSDT,LONG,350.5,359.36,0.0856,0.6810764,trailing_stop,2024-11-06 01:00:00+00:00,2024-11-06 02:40:00+00:00,100.0,True,345.551786,357.922321,362.870536,0.0,UNKNOWN,T2
ARBUSDT,LONG,0.5584,0.575,53.7249,1.00008901,trailing_stop,2024-11-07 01:00:00+00:00,2024-11-07 01:40:00+00:00,40.0,True,0.547739,0.574391,0.585052,0.0,UNKNOWN,T2
BCHUSDT,LONG,381.68,382.22,0.0786,0.042444,trailing_stop,2024-11-07 01:00:00+00:00,2024-11-07 01:40:00+00:00,40.0,False,374.778214,392.032679,398.934464,0.0,UNKNOWN,T2
AAVEUSDT,LONG,179.69,185.28,0.167,0.93353,trailing_stop,2024-11-07 01:00:00+00:00,2024-11-07 01:40:00+00:00,40.0,False,174.150714,187.998929,193.538214,0.0,UNKNOWN,T2
BCHUSDT,LONG,382.56,375.69,0.0784,-0.538608,SL_hit,2024-11-08 01:00:00+00:00,2024-11-08 02:20:00+00:00,80.0,False,375.731429,392.802857,399.631429,0.0,UNKNOWN,T2
ARBUSDT,LONG,0.5749,0.5817,52.183,0.3548444,trailing_stop,2024-11-08 12:15:00+00:00,2024-11-08 13:05:00+00:00,50.0,False,0.568882,0.583927,0.589945,0.0,UNKNOWN,T2
AAVEUSDT,LONG,182.86,179.47,0.1641,-0.556299,SL_hit,2024-11-08 12:00:00+00:00,2024-11-08 14:35:00+00:00,155.0,False,179.7975,187.45375,190.51625,0.0,UNKNOWN,T2
ARBUSDT,LONG,0.5974,0.5885,50.2176,-0.44693664,SL_hit,2024-11-09 01:00:00+00:00,2024-11-09 01:25:00+00:00,25.0,False,0.588596,0.610605,0.619409,0.0,UNKNOWN,T2
BCHUSDT,LONG,376.24,370.67,0.0797,-0.443929,SL_hit,2024-11-09 01:00:00+00:00,2024-11-09 03:30:00+00:00,150.0,False,371.697143,383.054286,387.597143,0.0,UNKNOWN,T2
AAVEUSDT,LONG,183.47,184.7,0.1635,0.201105,trailing_stop,2024-11-09 01:00:00+00:00,2024-11-09 04:55:00+00:00,235.0,False,180.7575,187.53875,190.25125,0.0,UNKNOWN,T2
AAVEUSDT,LONG,193.06,193.0,0.1554,-0.009324,trailing_stop,2024-11-10 01:00:00+00:00,2024-11-10 01:30:00+00:00,30.0,False,188.454643,199.968036,204.573393,0.0,UNKNOWN,T2
ARBUSDT,LONG,0.6061,0.6146,49.4968,0.4207228,trailing_stop,2024-11-10 01:00:00+00:00,2024-11-10 02:35:00+00:00,95.0,False,0.592743,0.626136,0.639493,0.0,UNKNOWN,T2
BCHUSDT,LONG,397.06,429.19,0.0756,1.7671122,TP2_hit,2024-11-10 01:00:00+00:00,2024-11-10 03:10:00+00:00,130.0,True,385.636786,414.194821,425.618036,0.0,UNKNOWN,T2
BCHUSDT,LONG,447.76,450.67,0.067,0.19497,trailing_stop,2024-11-11 01:00:00+00:00,2024-11-11 01:45:00+00:00,45.0,False,434.402857,467.795714,481.152857,0.0,UNKNOWN,T2
ARBUSDT,LONG,0.6334,0.6355,47.3634,0.09946314,trailing_stop,2024-11-11 01:00:00+00:00,2024-11-11 01:55:00+00:00,55.0,False,0.616543,0.658686,0.675543,0.0,UNKNOWN,T2
BCHUSDT,LONG,448.43,432.05,0.0669,-1.095822,SL_hit,2024-11-11 01:45:00+00:00,2024-11-11 05:20:00+00:00,215.0,False,436.081786,466.952321,479.300536,0.0,UNKNOWN,T2
ARBUSDT,LONG,0.6605,0.6643,45.4201,0.17259638,trailing_stop,2024-11-12 01:00:00+00:00,2024-11-12 01:50:00+00:00,50.0,False,0.637393,0.695161,0.718268,0.0,UNKNOWN,T2
ARBUSDT,LONG,0.6615,0.6606,45.3515,-0.04081635,trailing_stop,2024-11-12 01:50:00+00:00,2024-11-12 02:30:00+00:00,40.0,False,0.637018,0.698223,0.722705,0.0,UNKNOWN,T2
BCHUSDT,LONG,465.61,457.58,0.0644,-0.517132,time_stop,2024-11-12 01:00:00+00:00,2024-11-12 07:00:00+00:00,360.0,False,442.06,500.935,524.485,0.0,UNKNOWN,T2
BCHUSDT,LONG,422.04,422.86,0.0711,0.058302,trailing_stop,2024-11-13 13:30:00+00:00,2024-11-13 13:50:00+00:00,20.0,False,413.354286,435.068571,443.754286,0.0,UNKNOWN,T2
ARBUSDT,LONG,0.5922,0.6064,50.6586,0.71935212,trailing_stop,2024-11-13 12:00:00+00:00,2024-11-13 13:55:00+00:00,115.0,False,0.577557,0.614164,0.628807,0.0,UNKNOWN,T2
AAVEUSDT,LONG,178.08,180.73,0.1685,0.446525,trailing_stop,2024-11-13 13:30:00+00:00,2024-11-13 14:10:00+00:00,40.0,False,173.53,184.905,189.455,0.0,UNKNOWN,T2
BCHUSDT,LONG,437.28,438.53,0.0686,0.08575,trailing_stop,2024-11-14 01:00:00+00:00,2024-11-14 02:10:00+00:00,70.0,False,426.696071,453.155893,463.739821,0.0,UNKNOWN,T2
ARBUSDT,LONG,0.616,0.616,48.7013,0.0,trailing_stop,2024-11-14 02:00:00+00:00,2024-11-14 02:10:00+00:00,10.0,False,0.601464,0.637804,0.652339,0.0,UNKNOWN,T2
ARBUSDT,LONG,0.616,0.6175,48.7013,0.07305195,trailing_stop,2024-11-14 02:10:00+00:00,2024-11-14 04:00:00+00:00,110.0,False,0.601464,0.637804,0.652339,0.0,UNKNOWN,T2
BCHUSDT,LONG,419.76,410.29,0.0715,-0.677105,SL_hit,2024-11-15 03:15:00+00:00,2024-11-15 04:45:00+00:00,90.0,False,410.604643,433.493036,442.648393,0.0,UNKNOWN,T2
BCHUSDT,LONG,429.68,430.61,0.0698,0.064914,trailing_stop,2024-11-15 12:00:00+00:00,2024-11-15 13:20:00+00:00,80.0,False,423.474643,438.988036,445.193393,0.0,UNKNOWN,T2
ARBUSDT,LONG,0.5997,0.5895,50.025,-0.510255,SL_hit,2024-11-15 12:00:00+00:00,2024-11-15 14:15:00+00:00,135.0,False,0.589682,0.614727,0.624745,0.0,UNKNOWN,T2
BCHUSDT,LONG,432.38,432.87,0.0694,0.034006,trailing_stop,2024-11-16 01:00:00+00:00,2024-11-16 02:45:00+00:00,105.0,False,426.524643,441.163036,447.018393,0.0,UNKNOWN,T2
AAVEUSDT,LONG,165.57,166.85,0.1812,0.231936,trailing_stop,2024-11-16 01:00:00+00:00,2024-11-16 02:50:00+00:00,110.0,False,161.871786,171.117321,174.815536,0.0,UNKNOWN,T2
ARBUSDT,LONG,0.6092,0.6239,49.2449,0.75590922,trailing_stop,2024-11-16 01:00:00+00:00,2024-11-16 04:15:00+00:00,195.0,True,0.599468,0.623798,0.63353,0.0,UNKNOWN,T2
ARBUSDT,LONG,0.7123,0.7123,42.1171,0.0,trailing_stop,2024-11-17 01:00:00+00:00,2024-11-17 01:10:00+00:00,10.0,False,0.681961,0.757809,0.788148,0.0,UNKNOWN,T2
AAVEUSDT,LONG,170.33,170.33,0.1761,0.0,trailing_stop,2024-11-17 01:00:00+00:00,2024-11-17 01:10:00+00:00,10.0,False,166.805,175.6175,179.1425,0.0,UNKNOWN,T2
BCHUSDT,LONG,474.63,472.94,0.0632,-0.106808,trailing_stop,2024-11-17 01:00:00+00:00,2024-11-17 01:25:00+00:00,25.0,False,460.013929,496.554107,511.170179,0.0,UNKNOWN,T2
AAVEUSDT,LONG,164.37,165.75,0.1825,0.25185,trailing_stop,2024-11-18 01:00:00+00:00,2024-11-18 02:00:00+00:00,60.0,False,160.861071,169.633393,173.142321,0.0,UNKNOWN,T2
BCHUSDT,LONG,440.41,445.13,0.0681,0.321432,trailing_stop,2024-11-18 01:00:00+00:00,2024-11-18 02:20:00+00:00,80.0,False,431.6475,453.55375,462.31625,0.0,UNKNOWN,T2
ARBUSDT,LONG,0.6924,0.696,43.3276,0.15597936,trailing_stop,2024-11-18 01:00:00+00:00,2024-11-18 06:15:00+00:00,315.0,False,0.673846,0.72023,0.738784,0.0,UNKNOWN,T2
BCHUSDT,LONG,454.25,457.39,0.066,0.20724,trailing_stop,2024-11-19 01:00:00+00:00,2024-11-19 02:35:00+00:00,95.0,False,443.364286,470.578571,481.464286,0.0,UNKNOWN,T2
BCHUSDT,LONG,457.42,457.91,0.0656,0.032144,trailing_stop,2024-11-19 02:35:00+00:00,2024-11-19 03:40:00+00:00,65.0,False,447.023571,473.014643,483.411071,0.0,UNKNOWN,T2
ARBUSDT,LONG,0.7225,0.7113,41.5225,-0.465052,time_stop,2024-11-19 01:00:00+00:00,2024-11-19 07:00:00+00:00,360.0,False,0.696589,0.761366,0.787277,0.0,UNKNOWN,T2
ARBUSDT,LONG,0.6851,0.6894,43.7892,0.18829356,trailing_stop,2024-11-20 05:45:00+00:00,2024-11-20 08:30:00+00:00,165.0,False,0.671475,0.705538,0.719162,0.0,UNKNOWN,T2
AAVEUSDT,LONG,161.48,165.21,0.1858,0.693034,trailing_stop,2024-11-20 05:45:00+00:00,2024-11-20 09:30:00+00:00,225.0,False,158.260357,166.309464,169.529107,0.0,UNKNOWN,T2
ARBUSDT,LONG,0.7001,0.6804,42.851,-0.8441647,SL_hit,2024-11-20 12:00:00+00:00,2024-11-20 13:00:00+00:00,60.0,False,0.680743,0.729136,0.748493,0.0,UNKNOWN,T2
ARBUSDT,LONG,0.6796,0.6787,44.1436,-0.03972924,trailing_stop,2024-11-21 01:00:00+00:00,2024-11-21 01:35:00+00:00,35.0,False,0.666671,0.698993,0.711921,0.0,UNKNOWN,T2
ARBUSDT,LONG,0.6801,0.6647,44.1112,-0.67931248,SL_hit,2024-11-21 01:35:00+00:00,2024-11-21 02:15:00+00:00,40.0,False,0.666636,0.700296,0.713761,0.0,UNKNOWN,T2
BCHUSDT,LONG,445.84,435.79,0.0673,-0.676365,SL_hit,2024-11-21 01:00:00+00:00,2024-11-21 02:20:00+00:00,80.0,False,435.847143,460.829286,470.822143,0.0,UNKNOWN,T2
BCHUSDT,LONG,489.85,488.77,0.0612,-0.066096,trailing_stop,2024-11-22 01:00:00+00:00,2024-11-22 01:30:00+00:00,30.0,False,479.191071,505.838393,516.497321,0.0,UNKNOWN,T2
BCHUSDT,LONG,486.63,491.13,0.0616,0.2772,trailing_stop,2024-11-22 01:30:00+00:00,2024-11-22 02:20:00+00:00,50.0,False,474.076429,505.460357,518.013929,0.0,UNKNOWN,T2
AAVEUSDT,LONG,167.58,168.01,0.179,0.07697,trailing_stop,2024-11-22 01:00:00+00:00,2024-11-22 02:30:00+00:00,90.0,False,164.608571,172.037143,175.008571,0.0,UNKNOWN,T2
ARBUSDT,LONG,0.8339,0.8339,35.9755,0.0,trailing_stop,2024-11-23 01:00:00+00:00,2024-11-23 01:10:00+00:00,10.0,False,0.80915,0.871025,0.895775,0.0,UNKNOWN,T2
AAVEUSDT,LONG,173.69,173.69,0.1727,0.0,trailing_stop,2024-11-23 01:00:00+00:00,2024-11-23 01:10:00+00:00,10.0,False,168.793571,181.034643,185.931071,0.0,UNKNOWN,T2
BCHUSDT,LONG,505.33,516.68,0.0594,0.9707148,trailing_stop,2024-11-23 01:00:00+00:00,2024-11-23 01:30:00+00:00,30.0,True,493.605,522.9175,534.6425,0.0,UNKNOWN,T2
ARBUSDT,LONG,0.8802,0.8802,34.0832,0.0,trailing_stop,2024-11-24 01:00:00+00:00,2024-11-24 01:10:00+00:00,10.0,False,0.848896,0.927155,0.958459,0.0,UNKNOWN,T2
AAVEUSDT,LONG,177.89,178.24,0.1686,0.05901,trailing_stop,2024-11-24 01:00:00+00:00,2024-11-24 02:15:00+00:00,75.0,False,173.6525,184.24625,188.48375,0.0,UNKNOWN,T2
BCHUSDT,LONG,518.92,521.64,0.0578,0.157216,trailing_stop,2024-11-24 01:00:00+00:00,2024-11-24 02:55:00+00:00,115.0,False,506.525357,537.511964,549.906607,0.0,UNKNOWN,T2
ARBUSDT,LONG,0.8395,0.84,35.7356,0.0178678,trailing_stop,2024-11-25 01:00:00+00:00,2024-11-25 02:30:00+00:00,90.0,False,0.815786,0.875071,0.898786,0.0,UNKNOWN,T2
BCHUSDT,LONG,504.01,504.4,0.0595,0.023205,trailing_stop,2024-11-25 01:00:00+00:00,2024-11-25 02:50:00+00:00,110.0,False,492.043929,521.959107,533.925179,0.0,UNKNOWN,T2
ARBUSDT,LONG,0.8517,0.8599,35.2237,0.28883434,trailing_stop,2024-11-25 03:45:00+00:00,2024-11-25 04:20:00+00:00,35.0,False,0.827914,0.887379,0.911164,0.0,UNKNOWN,T2
ARBUSDT,SHORT,0.897,0.9025,33.4448,-0.1839464,time_stop,2024-11-26 01:00:00+00:00,2024-11-26 07:00:00+00:00,360.0,False,0.941036,0.830946,0.786911,0.0,UNKNOWN,T2
BCHUSDT,SHORT,497.52,499.08,0.0603,-0.094068,time_stop,2024-11-26 01:00:00+00:00,2024-11-26 07:00:00+00:00,360.0,False,513.589643,473.415536,457.345893,0.0,UNKNOWN,T2
ARBUSDT,SHORT,0.867,0.867,34.6021,0.0,trailing_stop,2024-11-26 12:00:00+00:00,2024-11-26 12:10:00+00:00,10.0,False,0.902857,0.813214,0.777357,0.0,UNKNOWN,T2
ARBUSDT,SHORT,0.8562,0.8562,35.0385,0.0,trailing_stop,2024-11-27 01:00:00+00:00,2024-11-27 01:10:00+00:00,10.0,False,0.878521,0.822718,0.800396,0.0,UNKNOWN,T2
BCHUSDT,SHORT,489.47,489.47,0.0613,0.0,trailing_stop,2024-11-27 01:00:00+00:00,2024-11-27 01:10:00+00:00,10.0,False,500.025357,473.636964,463.081607,0.0,UNKNOWN,T2
ARBUSDT,SHORT,0.8562,0.8796,35.0385,-0.8199009,SL_hit,2024-11-27 01:10:00+00:00,2024-11-27 02:50:00+00:00,100.0,False,0.878521,0.822718,0.800396,0.0,UNKNOWN,T2
ARBUSDT,LONG,0.9515,0.9234,31.5292,-0.88597052,time_stop,2024-11-28 01:00:00+00:00,2024-11-28 07:00:00+00:00,360.0,False,0.914196,1.007455,1.044759,0.0,UNKNOWN,T2
AAVEUSDT,LONG,206.82,203.11,0.1451,-0.538321,time_stop,2024-11-28 01:00:00+00:00,2024-11-28 07:00:00+00:00,360.0,False,199.752143,217.421786,224.489643,0.0,UNKNOWN,T2
BCHUSDT,LONG,517.68,509.07,0.058,-0.49938,time_stop,2024-11-28 01:30:00+00:00,2024-11-28 07:30:00+00:00,360.0,False,504.796071,537.005893,549.889821,0.0,UNKNOWN,T2
BCHUSDT,LONG,509.44,511.85,0.0589,0.141949,trailing_stop,2024-11-29 01:00:00+00:00,2024-11-29 02:15:00+00:00,75.0,False,503.088214,518.967679,525.319464,0.0,UNKNOWN,T2
BCHUSDT,LONG,512.54,504.23,0.0585,-0.486135,SL_hit,2024-11-29 02:15:00+00:00,2024-11-29 07:15:00+00:00,300.0,False,504.795357,524.156964,531.901607,0.0,UNKNOWN,T2
ARBUSDT,LONG,0.9127,0.8936,32.8695,-0.62780745,SL_hit,2024-11-29 02:15:00+00:00,2024-11-29 07:55:00+00:00,340.0,False,0.893736,0.941146,0.960111,0.0,UNKNOWN,T2
ARBUSDT,LONG,0.9279,0.9383,32.3311,0.33624344,trailing_stop,2024-11-30 01:00:00+00:00,2024-11-30 01:50:00+00:00,50.0,False,0.908346,0.95723,0.976784,0.0,UNKNOWN,T2
AAVEUSDT,LONG,200.59,201.29,0.1496,0.10472,trailing_stop,2024-11-30 01:00:00+00:00,2024-11-30 01:50:00+00:00,50.0,False,197.059643,205.885536,209.415893,0.0,UNKNOWN,T2
ARBUSDT,LONG,0.9359,0.9378,32.0547,0.06090393,trailing_stop,2024-11-30 01:50:00+00:00,2024-11-30 02:15:00+00:00,25.0,False,0.911471,0.972543,0.996971,0.0,UNKNOWN,T2
AAVEUSDT,LONG,331.63,325.2,0.0905,-0.581915,time_stop,2025-02-01 01:00:00+00:00,2025-02-01 07:00:00+00:00,360.0,False,305.271071,371.168393,397.527321,0.0,UNKNOWN,T2
AAVEUSDT,LONG,317.01,313.94,0.0946,-0.290422,time_stop,2025-02-01 12:30:00+00:00,2025-02-01 18:30:00+00:00,360.0,False,310.517143,326.749286,333.242143,0.0,UNKNOWN,T2
AAVEUSDT,SHORT,245.74,239.78,0.1221,0.727716,trailing_stop,2025-02-03 01:00:00+00:00,2025-02-03 01:35:00+00:00,35.0,False,264.4275,217.70875,199.02125,0.0,UNKNOWN,T2
BCHUSDT,SHORT,345.45,305.78,0.0868,3.5341922,trailing_stop,2025-02-03 01:00:00+00:00,2025-02-03 01:55:00+00:00,55.0,True,368.760714,310.483929,287.173214,0.0,UNKNOWN,T2
ARBUSDT,SHORT,0.4685,0.3959,64.0342,4.33255397,trailing_stop,2025-02-03 01:00:00+00:00,2025-02-03 02:10:00+00:00,70.0,True,0.507482,0.410027,0.371045,0.0,UNKNOWN,T2
AAVEUSDT,LONG,270.88,270.88,0.1108,0.0,trailing_stop,2025-02-04 01:00:00+00:00,2025-02-04 01:10:00+00:00,10.0,False,260.638929,286.241607,296.482679,0.0,UNKNOWN,T2
ARBUSDT,LONG,0.5013,0.5031,59.8444,0.10771992,trailing_stop,2025-02-04 01:00:00+00:00,2025-02-04 01:30:00+00:00,30.0,False,0.483157,0.528514,0.546657,0.0,UNKNOWN,T2
BCHUSDT,LONG,349.27,350.21,0.0859,0.080746,trailing_stop,2025-02-04 01:00:00+00:00,2025-02-04 01:50:00+00:00,50.0,False,340.798571,361.977143,370.448571,0.0,UNKNOWN,T2
AAVEUSDT,LONG,268.99,269.14,0.1115,0.016725,trailing_stop,2025-02-05 01:00:00+00:00,2025-02-05 02:55:00+00:00,115.0,False,258.929286,284.081071,294.141786,0.0,UNKNOWN,T2
ARBUSDT,LONG,0.4773,0.4805,62.8536,0.20113152,trailing_stop,2025-02-05 01:00:00+00:00,2025-02-05 03:00:00+00:00,120.0,False,0.462943,0.498836,0.513193,0.0,UNKNOWN,T2
BCHUSDT,LONG,331.45,331.74,0.0905,0.026245,trailing_stop,2025-02-05 02:30:00+00:00,2025-02-05 03:00:00+00:00,30.0,False,325.680357,340.104464,345.874107,0.0,UNKNOWN,T2
BCHUSDT,SHORT,328.45,327.52,0.0913,0.084909,trailing_stop,2025-02-06 01:00:00+00:00,2025-02-06 02:00:00+00:00,60.0,False,334.596429,319.230357,313.083929,0.0,UNKNOWN,T2
ARBUSDT,SHORT,0.4706,0.4796,63.7484,-0.5737356,time_stop,2025-02-06 01:00:00+00:00,2025-02-06 07:00:00+00:00,360.0,False,0.4826,0.4526,0.4406,0.0,UNKNOWN,T2
AAVEUSDT,SHORT,260.18,265.26,0.1153,-0.585724,time_stop,2025-02-06 01:00:00+00:00,2025-02-06 07:00:00+00:00,360.0,False,266.696071,250.405893,243.889821,0.0,UNKNOWN,T2
ARBUSDT,LONG,0.4519,0.4547,66.3864,0.18588192,trailing_stop,2025-02-07 12:00:00+00:00,2025-02-07 12:50:00+00:00,50.0,False,0.443596,0.464355,0.472659,0.0,UNKNOWN,T2
BCHUSDT,LONG,325.56,327.0,0.0921,0.132624,trailing_stop,2025-02-07 12:00:00+00:00,2025-02-07 12:50:00+00:00,50.0,False,321.652857,331.420714,335.327857,0.0,UNKNOWN,T2
AAVEUSDT,LONG,253.61,255.55,0.1183,0.229502,trailing_stop,2025-02-07 12:00:00+00:00,2025-02-07 12:50:00+00:00,50.0,False,248.602857,261.120714,266.127857,0.0,UNKNOWN,T2
AAVEUSDT,SHORT,238.67,237.53,0.1257,0.143298,trailing_stop,2025-02-08 01:00:00+00:00,2025-02-08 02:15:00+00:00,75.0,False,244.395,230.0825,224.3575,0.0,UNKNOWN,T2
ARBUSDT,SHORT,0.4336,0.4319,69.1882,0.11761994,trailing_stop,2025-02-08 01:30:00+00:00,2025-02-08 05:20:00+00:00,230.0,False,0.442171,0.420743,0.412171,0.0,UNKNOWN,T2
BCHUSDT,SHORT,317.65,316.68,0.0944,0.091568,trailing_stop,2025-02-08 01:45:00+00:00,2025-02-08 05:20:00+00:00,215.0,False,322.782143,309.951786,304.819643,0.0,UNKNOWN,T2
AAVEUSDT,LONG,241.43,242.39,0.1243,0.119328,trailing_stop,2025-02-09 01:00:00+00:00,2025-02-09 01:45:00+00:00,45.0,False,237.181786,247.802321,252.050536,0.0,UNKNOWN,T2
ARBUSDT,LONG,0.4543,0.465,66.0357,0.7924284,trailing_stop,2025-02-09 01:00:00+00:00,2025-02-09 03:50:00+00:00,170.0,True,0.447354,0.46472,0.471666,0.0,UNKNOWN,T2
AAVEUSDT,LONG,243.16,251.22,0.1234,1.0435321,trailing_stop,2025-02-09 01:45:00+00:00,2025-02-09 03:55:00+00:00,130.0,True,238.601071,249.998393,254.557321,0.0,UNKNOWN,T2
ARBUSDT,SHORT,0.4477,0.4389,67.0092,0.58968096,trailing_stop,2025-02-10 01:15:00+00:00,2025-02-10 02:15:00+00:00,60.0,False,0.461289,0.427316,0.413727,0.0,UNKNOWN,T2
AAVEUSDT,SHORT,241.69,235.75,0.1241,0.737154,trailing_stop,2025-02-10 01:15:00+00:00,2025-02-10 02:15:00+00:00,60.0,False,250.2525,228.84625,220.28375,0.0,UNKNOWN,T2
AAVEUSDT,SHORT,234.9,244.31,0.1277,-1.201657,SL_hit,2025-02-10 02:15:00+00:00,2025-02-10 03:30:00+00:00,75.0,False,242.008929,224.236607,217.127679,0.0,UNKNOWN,T2
ARBUSDT,LONG,0.4769,0.4799,62.9063,0.1887189,trailing_stop,2025-02-11 01:00:00+00:00,2025-02-11 01:40:00+00:00,40.0,False,0.469204,0.488445,0.496141,0.0,UNKNOWN,T2
BCHUSDT,LONG,332.26,332.84,0.0903,0.052374,trailing_stop,2025-02-11 01:00:00+00:00,2025-02-11 02:10:00+00:00,70.0,False,328.770714,337.493929,340.983214,0.0,UNKNOWN,T2
AAVEUSDT,LONG,258.44,260.19,0.1161,0.203175,trailing_stop,2025-02-11 01:00:00+00:00,2025-02-11 05:10:00+00:00,250.0,False,253.138214,266.392679,271.694464,0.0,UNKNOWN,T2
AAVEUSDT,SHORT,243.9,241.09,0.123,0.34563,trailing_stop,2025-02-12 01:00:00+00:00,2025-02-12 03:15:00+00:00,135.0,False,249.108929,236.086607,230.877679,0.0,UNKNOWN,T2
BCHUSDT,SHORT,331.54,329.03,0.0905,0.227155,trailing_stop,2025-02-12 02:30:00+00:00,2025-02-12 03:15:00+00:00,45.0,False,335.891786,325.012321,320.660536,0.0,UNKNOWN,T2
BCHUSDT,SHORT,330.68,329.04,0.0907,0.148748,trailing_stop,2025-02-12 03:15:00+00:00,2025-02-12 05:00:00+00:00,105.0,False,336.126429,322.510357,317.063929,0.0,UNKNOWN,T2
AAVEUSDT,LONG,252.97,253.47,0.1186,0.0593,trailing_stop,2025-02-13 01:00:00+00:00,2025-02-13 01:25:00+00:00,25.0,False,246.402143,262.821786,269.389643,0.0,UNKNOWN,T2
ARBUSDT,LONG,0.496,0.4999,60.4839,0.23588721,trailing_stop,2025-02-13 01:00:00+00:00,2025-02-13 01:55:00+00:00,55.0,False,0.482018,0.516973,0.530955,0.0,UNKNOWN,T2
BCHUSDT,LONG,343.83,338.59,0.0873,-0.457452,SL_hit,2025-02-13 01:00:00+00:00,2025-02-13 04:50:00+00:00,230.0,False,338.705,351.5175,356.6425,0.0,UNKNOWN,T2
ARBUSDT,LONG,0.4855,0.4901,61.792,0.2842432,trailing_stop,2025-02-14 01:00:00+00:00,2025-02-14 02:20:00+00:00,80.0,False,0.479286,0.494821,0.501036,0.0,UNKNOWN,T2
AAVEUSDT,LONG,253.8,255.54,0.1182,0.205668,trailing_stop,2025-02-14 01:00:00+00:00,2025-02-14 02:25:00+00:00,85.0,False,248.457143,261.814286,267.157143,0.0,UNKNOWN,T2
BCHUSDT,LONG,335.23,336.97,0.0895,0.15573,trailing_stop,2025-02-14 01:00:00+00:00,2025-02-14 02:50:00+00:00,110.0,False,331.340714,341.063929,344.953214,0.0,UNKNOWN,T2
BCHUSDT,LONG,342.81,343.68,0.0875,0.076125,trailing_stop,2025-02-15 01:00:00+00:00,2025-02-15 02:20:00+00:00,80.0,False,339.113571,348.354643,352.051071,0.0,UNKNOWN,T2
ARBUSDT,LONG,0.498,0.4911,60.241,-0.4156629,SL_hit,2025-02-15 02:00:00+00:00,2025-02-15 06:30:00+00:00,270.0,False,0.491304,0.508045,0.514741,0.0,UNKNOWN,T2
AAVEUSDT,LONG,262.94,257.56,0.1141,-0.613858,SL_hit,2025-02-15 02:00:00+00:00,2025-02-15 07:15:00+00:00,315.0,False,258.513214,269.580179,274.006964,0.0,UNKNOWN,T2
ARBUSDT,LONG,0.4775,0.479,62.8272,0.0942408,trailing_stop,2025-02-16 04:45:00+00:00,2025-02-16 06:40:00+00:00,115.0,False,0.472196,0.485455,0.490759,0.0,UNKNOWN,T2
BCHUSDT,LONG,333.7,333.32,0.0899,-0.034162,time_stop,2025-02-16 04:30:00+00:00,2025-02-16 10:30:00+00:00,360.0,False,330.746429,338.130357,341.083929,0.0,UNKNOWN,T2
ARBUSDT,LONG,0.4891,0.4818,61.3371,-0.44776083,SL_hit,2025-02-16 12:00:00+00:00,2025-02-16 13:40:00+00:00,100.0,False,0.482886,0.498421,0.504636,0.0,UNKNOWN,T2
BCHUSDT,SHORT,328.78,327.59,0.0912,0.108528,trailing_stop,2025-02-17 01:00:00+00:00,2025-02-17 03:50:00+00:00,170.0,False,332.388929,323.366607,319.757679,0.0,UNKNOWN,T2
AAVEUSDT,SHORT,254.53,253.84,0.1179,0.081351,trailing_stop,2025-02-17 04:00:00+00:00,2025-02-17 04:25:00+00:00,25.0,False,260.137143,246.119286,240.512143,0.0,UNKNOWN,T2
AAVEUSDT,SHORT,253.84,253.19,0.1182,0.07683,trailing_stop,2025-02-17 04:25:00+00:00,2025-02-17 05:05:00+00:00,40.0,False,259.498929,245.351607,239.692679,0.0,UNKNOWN,T2
ARBUSDT,SHORT,0.4891,0.4863,61.3371,0.17174388,trailing_stop,2025-02-18 01:00:00+00:00,2025-02-18 03:05:00+00:00,125.0,False,0.498457,0.475064,0.465707,0.0,UNKNOWN,T2
AAVEUSDT,SHORT,261.47,260.14,0.1147,0.152551,trailing_stop,2025-02-18 01:00:00+00:00,2025-02-18 03:05:00+00:00,125.0,False,266.814643,253.453036,248.108393,0.0,UNKNOWN,T2
BCHUSDT,SHORT,323.32,322.69,0.0928,0.058464,trailing_stop,2025-02-18 01:00:00+00:00,2025-02-18 04:40:00+00:00,220.0,False,327.886071,316.470893,311.904821,0.0,UNKNOWN,T2
ARBUSDT,SHORT,0.4533,0.4609,66.1813,-0.50297788,SL_hit,2025-02-19 01:00:00+00:00,2025-02-19 02:20:00+00:00,80.0,False,0.460425,0.442612,0.435488,0.0,UNKNOWN,T2
AAVEUSDT,SHORT,247.79,253.32,0.1211,-0.669683,SL_hit,2025-02-19 01:00:00+00:00,2025-02-19 02:45:00+00:00,105.0,False,252.798929,240.276607,235.267679,0.0,UNKNOWN,T2
BCHUSDT,SHORT,313.54,313.07,0.0957,0.044979,trailing_stop,2025-02-19 01:00:00+00:00,2025-02-19 05:05:00+00:00,245.0,False,316.654286,308.868571,305.754286,0.0,UNKNOWN,T2
ARBUSDT,LONG,0.4782,0.4825,62.7353,0.26976179,trailing_stop,2025-02-20 01:00:00+00:00,2025-02-20 03:10:00+00:00,130.0,False,0.469307,0.491539,0.500432,0.0,UNKNOWN,T2
BCHUSDT,LONG,324.0,324.58,0.0926,0.053708,trailing_stop,2025-02-20 01:00:00+00:00,2025-02-20 03:15:00+00:00,135.0,False,320.308929,329.536607,333.227679,0.0,UNKNOWN,T2
AAVEUSDT,LONG,255.66,257.07,0.1173,0.165393,trailing_stop,2025-02-20 03:00:00+00:00,2025-02-20 04:30:00+00:00,90.0,False,251.354643,262.118036,266.423393,0.0,UNKNOWN,T2
BCHUSDT,LONG,324.48,325.52,0.0925,0.0962,trailing_stop,2025-02-21 01:00:00+00:00,2025-02-21 02:40:00+00:00,100.0,False,321.587143,328.819286,331.712143,0.0,UNKNOWN,T2
ARBUSDT,LONG,0.4897,0.4917,61.262,0.122524,trailing_stop,2025-02-21 01:45:00+00:00,2025-02-21 05:25:00+00:00,220.0,False,0.484307,0.497789,0.503182,0.0,UNKNOWN,T2
BCHUSDT,LONG,325.52,328.07,0.0922,0.23511,time_stop,2025-02-21 02:40:00+00:00,2025-02-21 08:40:00+00:00,360.0,False,322.616429,329.875357,332.778929,0.0,UNKNOWN,T2
AAVEUSDT,SHORT,241.82,244.3,0.1241,-0.307768,time_stop,2025-02-22 04:00:00+00:00,2025-02-22 10:00:00+00:00,360.0,False,246.130714,235.353929,231.043214,0.0,UNKNOWN,T2
AAVEUSDT,SHORT,244.04,248.69,0.1229,-0.571485,SL_hit,2025-02-22 13:30:00+00:00,2025-02-22 15:55:00+00:00,145.0,False,246.782857,239.925714,237.182857,0.0,UNKNOWN,T2
ARBUSDT,SHORT,0.4768,0.4838,62.9195,-0.4404365,SL_hit,2025-02-22 14:45:00+00:00,2025-02-22 16:00:00+00:00,75.0,False,0.481729,0.469407,0.464479,0.0,UNKNOWN,T2
AAVEUSDT,SHORT,247.04,246.31,0.1214,0.088622,trailing_stop,2025-02-23 02:00:00+00:00,2025-02-23 03:15:00+00:00,75.0,False,249.682857,243.075714,240.432857,0.0,UNKNOWN,T2
ARBUSDT,SHORT,0.4772,0.4743,62.8667,0.18231343,trailing_stop,2025-02-23 01:00:00+00:00,2025-02-23 03:20:00+00:00,140.0,False,0.481396,0.470905,0.466709,0.0,UNKNOWN,T2
AAVEUSDT,SHORT,246.56,246.04,0.1217,0.063284,trailing_stop,2025-02-23 03:15:00+00:00,2025-02-23 05:00:00+00:00,105.0,False,249.399286,242.301071,239.461786,0.0,UNKNOWN,T2
ARBUSDT,SHORT,0.475,0.4726,63.1579,0.15157896,trailing_stop,2025-02-24 01:00:00+00:00,2025-02-24 02:00:00+00:00,60.0,False,0.483518,0.462223,0.453705,0.0,UNKNOWN,T2
AAVEUSDT,SHORT,245.25,245.19,0.1223,0.007338,trailing_stop,2025-02-24 01:00:00+00:00,2025-02-24 02:05:00+00:00,65.0,False,249.351786,239.097321,234.995536,0.0,UNKNOWN,T2
BCHUSDT,SHORT,324.24,320.27,0.0925,0.46883625,trailing_stop,2025-02-24 01:30:00+00:00,2025-02-24 03:40:00+00:00,130.0,True,327.715,319.0275,315.5525,0.0,UNKNOWN,T2
ARBUSDT,SHORT,0.4031,0.4031,74.4232,0.0,trailing_stop,2025-02-25 01:00:00+00:00,2025-02-25 01:10:00+00:00,10.0,False,0.430118,0.362573,0.335555,0.0,UNKNOWN,T2
BCHUSDT,SHORT,290.86,290.86,0.1031,0.0,trailing_stop,2025-02-25 01:00:00+00:00,2025-02-25 01:10:00+00:00,10.0,False,305.808214,268.437679,253.489464,0.0,UNKNOWN,T2
AAVEUSDT,SHORT,207.69,207.69,0.1444,0.0,trailing_stop,2025-02-25 01:00:00+00:00,2025-02-25 01:10:00+00:00,10.0,False,220.866786,187.924821,174.748036,0.0,UNKNOWN,T2
AAVEUSDT,SHORT,202.51,207.85,0.1481,-0.790854,SL_hit,2025-02-26 01:00:00+00:00,2025-02-26 03:00:00+00:00,120.0,False,206.985,195.7975,191.3225,0.0,UNKNOWN,T2
ARBUSDT,SHORT,0.4206,0.415,71.3267,0.39942952,trailing_stop,2025-02-26 12:00:00+00:00,2025-02-26 12:55:00+00:00,55.0,False,0.426618,0.411573,0.405555,0.0,UNKNOWN,T2
AAVEUSDT,SHORT,204.51,199.72,0.1467,0.702693,trailing_stop,2025-02-26 12:45:00+00:00,2025-02-26 14:25:00+00:00,100.0,False,209.356429,197.240357,192.393929,0.0,UNKNOWN,T2
BCHUSDT,SHORT,293.05,293.05,0.1024,0.0,trailing_stop,2025-02-27 01:00:00+00:00,2025-02-27 01:10:00+00:00,10.0,False,298.669643,284.620536,279.000893,0.0,UNKNOWN,T2
BCHUSDT,SHORT,293.05,298.99,0.1024,-0.608256,SL_hit,2025-02-27 01:10:00+00:00,2025-02-27 06:30:00+00:00,320.0,False,298.669643,284.620536,279.000893,0.0,UNKNOWN,T2
AAVEUSDT,SHORT,204.59,202.16,0.1466,0.356238,trailing_stop,2025-02-27 12:00:00+00:00,2025-02-27 15:05:00+00:00,185.0,False,208.657857,198.488214,194.420357,0.0,UNKNOWN,T2
ARBUSDT,SHORT,0.4212,0.4063,71.2251,1.1214392,trailing_stop,2025-02-28 01:00:00+00:00,2025-02-28 01:35:00+00:00,35.0,True,0.427432,0.411852,0.40562,0.0,UNKNOWN,T2
BCHUSDT,SHORT,292.58,287.44,0.1025,0.52685,trailing_stop,2025-02-28 01:15:00+00:00,2025-02-28 01:35:00+00:00,20.0,False,296.971071,285.993393,281.602321,0.0,UNKNOWN,T2
AAVEUSDT,SHORT,198.56,195.97,0.1511,0.391349,trailing_stop,2025-02-28 01:15:00+00:00,2025-02-28 01:35:00+00:00,20.0,False,202.595714,192.506429,188.470714,0.0,UNKNOWN,T2
ARBUSDT,SHORT,0.339,0.339,88.4956,0.0,trailing_stop,2025-06-01 01:00:00+00:00,2025-06-01 01:10:00+00:00,10.0,False,0.358982,0.309027,0.289045,0.0,UNKNOWN,T2
ARBUSDT,SHORT,0.339,0.3375,88.4956,0.1327434,trailing_stop,2025-06-01 01:10:00+00:00,2025-06-01 01:45:00+00:00,35.0,False,0.358982,0.309027,0.289045,0.0,UNKNOWN,T2
ARBUSDT,SHORT,0.3362,0.3362,89.2326,0.0,trailing_stop,2025-06-01 01:45:00+00:00,2025-06-01 01:55:00+00:00,10.0,False,0.356182,0.306227,0.286245,0.0,UNKNOWN,T2
AAVEUSDT,SHORT,245.31,243.02,0.1223,0.280067,trailing_stop,2025-06-02 01:00:00+00:00,2025-06-02 02:25:00+00:00,85.0,False,248.4225,240.64125,237.52875,0.0,UNKNOWN,T2
ARBUSDT,SHORT,0.3406,0.3372,88.0799,0.29947166,trailing_stop,2025-06-02 02:00:00+00:00,2025-06-02 03:25:00+00:00,85.0,False,0.345154,0.33377,0.329216,0.0,UNKNOWN,T2
BCHUSDT,SHORT,402.5,399.75,0.0745,0.204875,trailing_stop,2025-06-02 01:00:00+00:00,2025-06-02 04:00:00+00:00,180.0,False,405.751786,397.622321,394.370536,0.0,UNKNOWN,T2
ARBUSDT,SHORT,0.3566,0.3634,84.1279,-0.57206972,SL_hit,2025-06-03 04:45:00+00:00,2025-06-03 05:35:00+00:00,50.0,False,0.362546,0.34768,0.341734,0.0,UNKNOWN,T2
AAVEUSDT,SHORT,254.7,258.47,0.1178,-0.444106,SL_hit,2025-06-03 04:30:00+00:00,2025-06-03 07:00:00+00:00,150.0,False,258.446429,249.080357,245.333929,0.0,UNKNOWN,T2
AAVEUSDT,SHORT,264.48,263.97,0.1134,0.057834,trailing_stop,2025-06-04 01:00:00+00:00,2025-06-04 05:40:00+00:00,280.0,False,268.6175,258.27375,254.13625,0.0,UNKNOWN,T2
BCHUSDT,SHORT,404.16,403.83,0.0742,0.024486,time_stop,2025-06-04 01:00:00+00:00,2025-06-04 07:00:00+00:00,360.0,False,407.840357,398.639464,394.959107,0.0,UNKNOWN,T2
AAVEUSDT,SHORT,263.97,268.44,0.1136,-0.507792,SL_hit,2025-06-04 05:40:00+00:00,2025-06-04 08:15:00+00:00,155.0,False,267.628929,258.481607,254.822679,0.0,UNKNOWN,T2
ARBUSDT,SHORT,0.3623,0.3573,82.8043,0.4140215,trailing_stop,2025-06-05 01:00:00+00:00,2025-06-05 01:55:00+00:00,55.0,False,0.368889,0.352416,0.345827,0.0,UNKNOWN,T2
AAVEUSDT,SHORT,264.52,263.15,0.1134,0.155358,trailing_stop,2025-06-05 01:00:00+00:00,2025-06-05 01:55:00+00:00,55.0,False,267.887857,259.468214,256.100357,0.0,UNKNOWN,T2
BCHUSDT,SHORT,401.37,399.84,0.0747,0.114291,trailing_stop,2025-06-05 01:00:00+00:00,2025-06-05 02:00:00+00:00,60.0,False,405.862857,394.630714,390.137857,0.0,UNKNOWN,T2
ARBUSDT,SHORT,0.3279,0.3272,91.4913,0.06404391,trailing_stop,2025-06-06 01:00:00+00:00,2025-06-06 02:00:00+00:00,60.0,False,0.334382,0.318177,0.311695,0.0,UNKNOWN,T2
AAVEUSDT,SHORT,243.89,243.65,0.123,0.02952,trailing_stop,2025-06-06 01:00:00+00:00,2025-06-06 02:35:00+00:00,95.0,False,248.448929,237.051607,232.492679,0.0,UNKNOWN,T2
BCHUSDT,SHORT,383.89,382.15,0.0781,0.135894,trailing_stop,2025-06-06 01:00:00+00:00,2025-06-06 02:40:00+00:00,100.0,False,389.54,375.415,369.765,0.0,UNKNOWN,T2
AAVEUSDT,SHORT,251.57,250.24,0.1193,0.158669,trailing_stop,2025-06-07 01:00:00+00:00,2025-06-07 02:15:00+00:00,75.0,False,254.550357,247.099464,244.119107,0.0,UNKNOWN,T2
AAVEUSDT,SHORT,250.14,253.89,0.1199,-0.449625,SL_hit,2025-06-07 02:15:00+00:00,2025-06-07 03:20:00+00:00,65.0,False,252.8025,246.14625,243.48375,0.0,UNKNOWN,T2
BCHUSDT,SHORT,394.85,398.3,0.076,-0.2622,SL_hit,2025-06-07 04:30:00+00:00,2025-06-07 06:35:00+00:00,125.0,False,397.819643,390.395536,387.425893,0.0,UNKNOWN,T2
ARBUSDT,SHORT,0.3448,0.3448,87.007,0.0,trailing_stop,2025-06-08 01:00:00+00:00,2025-06-08 04:30:00+00:00,210.0,False,0.3483,0.33955,0.33605,0.0,UNKNOWN,T2
ARBUSDT,SHORT,0.345,0.3442,86.9565,0.0695652,trailing_stop,2025-06-08 04:30:00+00:00,2025-06-08 05:25:00+00:00,55.0,False,0.348054,0.34042,0.337366,0.0,UNKNOWN,T2
AAVEUSDT,SHORT,255.06,254.22,0.1176,0.098784,time_stop,2025-06-08 01:00:00+00:00,2025-06-08 07:00:00+00:00,360.0,False,257.467143,251.449286,249.042143,0.0,UNKNOWN,T2
BCHUSDT,SHORT,412.53,416.2,0.0727,-0.266809,SL_hit,2025-06-09 01:00:00+00:00,2025-06-09 02:10:00+00:00,70.0,False,415.924643,407.438036,404.043393,0.0,UNKNOWN,T2
ARBUSDT,SHORT,0.3414,0.3398,87.8735,0.1405976,trailing_stop,2025-06-09 01:00:00+00:00,2025-06-09 03:30:00+00:00,150.0,False,0.346096,0.334355,0.329659,0.0,UNKNOWN,T2
AAVEUSDT,SHORT,251.58,254.45,0.1192,-0.342104,SL_hit,2025-06-09 01:00:00+00:00,2025-06-09 06:45:00+00:00,345.0,False,254.399643,247.350536,244.530893,0.0,UNKNOWN,T2
ARBUSDT,SHORT,0.3652,0.3632,82.1468,0.1642936,trailing_stop,2025-06-10 04:30:00+00:00,2025-06-10 06:20:00+00:00,110.0,False,0.370629,0.357057,0.351629,0.0,UNKNOWN,T2
BCHUSDT,SHORT,421.74,419.69,0.0711,0.145755,trailing_stop,2025-06-10 05:15:00+00:00,2025-06-10 08:30:00+00:00,195.0,False,426.24,414.99,410.49,0.0,UNKNOWN,T2
AAVEUSDT,SHORT,304.44,304.44,0.0985,0.0,trailing_stop,2025-06-10 16:30:00+00:00,2025-06-10 16:40:00+00:00,10.0,False,314.504286,289.343571,279.279286,0.0,UNKNOWN,T2
AAVEUSDT,SHORT,306.48,306.11,0.0979,0.036223,trailing_stop,2025-06-11 02:15:00+00:00,2025-06-11 02:55:00+00:00,40.0,False,311.305,299.2425,294.4175,0.0,UNKNOWN,T2
AAVEUSDT,SHORT,306.11,311.01,0.098,-0.4802,SL_hit,2025-06-11 02:55:00+00:00,2025-06-11 04:05:00+00:00,70.0,False,310.943929,298.859107,294.025179,0.0,UNKNOWN,T2
ARBUSDT,SHORT,0.4034,0.4082,74.3679,-0.35696592,time_stop,2025-06-11 01:45:00+00:00,2025-06-11 07:45:00+00:00,360.0,False,0.413471,0.388293,0.378221,0.0,UNKNOWN,T2
ARBUSDT,SHORT,0.3982,0.3966,75.339,0.1205424,trailing_stop,2025-06-12 01:00:00+00:00,2025-06-12 01:40:00+00:00,40.0,False,0.406254,0.38612,0.378066,0.0,UNKNOWN,T2
BCHUSDT,SHORT,428.11,427.29,0.0701,0.057482,trailing_stop,2025-06-12 01:00:00+00:00,2025-06-12 02:00:00+00:00,60.0,False,433.358214,420.237679,414.989464,0.0,UNKNOWN,T2
AAVEUSDT,SHORT,300.31,297.25,0.0999,0.305694,trailing_stop,2025-06-12 01:00:00+00:00,2025-06-12 03:35:00+00:00,155.0,False,306.163571,291.529643,285.676071,0.0,UNKNOWN,T2
ARBUSDT,SHORT,0.3345,0.3362,89.6861,-0.15246637,trailing_stop,2025-06-13 01:00:00+00:00,2025-06-13 01:40:00+00:00,40.0,False,0.346732,0.316152,0.30392,0.0,UNKNOWN,T2
AAVEUSDT,SHORT,269.42,267.65,0.1114,0.197178,trailing_stop,2025-06-13 01:00:00+00:00,2025-06-13 01:50:00+00:00,50.0,False,279.218214,254.722679,244.924464,0.0,UNKNOWN,T2
BCHUSDT,SHORT,401.78,400.55,0.0747,0.091881,trailing_stop,2025-06-13 01:00:00+00:00,2025-06-13 02:45:00+00:00,105.0,False,412.371071,385.893393,375.302321,0.0,UNKNOWN,T2
BCHUSDT,SHORT,441.51,435.83,0.0679,0.44878505,trailing_stop,2025-06-14 04:45:00+00:00,2025-06-14 05:55:00+00:00,70.0,True,446.043929,434.709107,430.175179,0.0,UNKNOWN,T2
ARBUSDT,SHORT,0.3438,0.3427,87.26,0.095986,time_stop,2025-06-14 01:00:00+00:00,2025-06-14 07:00:00+00:00,360.0,False,0.350032,0.334452,0.32822,0.0,UNKNOWN,T2
AAVEUSDT,SHORT,285.43,279.55,0.1051,0.62140375,trailing_stop,2025-06-14 05:00:00+00:00,2025-06-14 07:30:00+00:00,150.0,True,289.196071,279.780893,276.014821,0.0,UNKNOWN,T2
ARBUSDT,SHORT,0.3332,0.3311,90.036,0.1890756,trailing_stop,2025-06-15 01:15:00+00:00,2025-06-15 05:25:00+00:00,250.0,False,0.3372,0.3272,0.3232,0.0,UNKNOWN,T2
ARBUSDT,SHORT,0.3311,0.3286,90.6071,0.22651775,trailing_stop,2025-06-15 05:25:00+00:00,2025-06-15 07:10:00+00:00,105.0,False,0.334636,0.325796,0.322261,0.0,UNKNOWN,T2
AAVEUSDT,SHORT,275.58,272.9,0.1089,0.291852,time_stop,2025-06-15 01:45:00+00:00,2025-06-15 07:45:00+00:00,360.0,False,279.08,270.33,266.83,0.0,UNKNOWN,T2
ARBUSDT,SHORT,0.3232,0.3294,92.8218,-0.57549516,SL_hit,2025-06-16 01:00:00+00:00,2025-06-16 01:55:00+00:00,55.0,False,0.329325,0.314012,0.307888,0.0,UNKNOWN,T2
AAVEUSDT,SHORT,272.25,276.64,0.1102,-0.483778,SL_hit,2025-06-16 01:00:00+00:00,2025-06-16 01:55:00+00:00,55.0,False,276.508929,265.861607,261.602679,0.0,UNKNOWN,T2
BCHUSDT,SHORT,456.56,454.15,0.0657,0.158337,trailing_stop,2025-06-16 01:30:00+00:00,2025-06-16 03:55:00+00:00,145.0,False,464.226071,445.060893,437.394821,0.0,UNKNOWN,T2
ARBUSDT,SHORT,0.3228,0.3205,92.9368,0.21375464,trailing_stop,2025-06-17 01:00:00+00:00,2025-06-17 02:10:00+00:00,70.0,False,0.335354,0.30397,0.291416,0.0,UNKNOWN,T2
ARBUSDT,SHORT,0.3205,0.3199,93.6037,0.05616222,trailing_stop,2025-06-17 02:10:00+00:00,2025-06-17 05:25:00+00:00,195.0,False,0.331714,0.303679,0.292464,0.0,UNKNOWN,T2
AAVEUSDT,SHORT,278.59,277.27,0.1077,0.142164,trailing_stop,2025-06-17 01:00:00+00:00,2025-06-17 05:55:00+00:00,295.0,False,287.738214,264.867679,255.719464,0.0,UNKNOWN,T2
BCHUSDT,SHORT,466.42,477.28,0.0643,-0.698298,SL_hit,2025-06-18 01:00:00+00:00,2025-06-18 01:15:00+00:00,15.0,False,473.227143,456.209286,449.402143,0.0,UNKNOWN,T2
ARBUSDT,SHORT,0.3042,0.3042,98.6193,0.0,trailing_stop,2025-06-18 01:15:00+00:00,2025-06-18 02:20:00+00:00,65.0,False,0.309843,0.295736,0.290093,0.0,UNKNOWN,T2
AAVEUSDT,SHORT,267.95,265.95,0.112,0.224,trailing_stop,2025-06-18 01:00:00+00:00,2025-06-18 02:25:00+00:00,85.0,False,271.835714,262.121429,258.235714,0.0,UNKNOWN,T2
AAVEUSDT,SHORT,257.55,257.36,0.1165,0.022135,trailing_stop,2025-06-19 01:00:00+00:00,2025-06-19 04:45:00+00:00,225.0,False,262.432143,250.226786,245.344643,0.0,UNKNOWN,T2
BCHUSDT,SHORT,455.17,463.61,0.0659,-0.556196,SL_hit,2025-06-19 01:00:00+00:00,2025-06-19 06:00:00+00:00,300.0,False,463.123571,443.239643,435.286071,0.0,UNKNOWN,T2
AAVEUSDT,SHORT,258.0,262.36,0.1163,-0.507068,SL_hit,2025-06-19 04:45:00+00:00,2025-06-19 08:25:00+00:00,220.0,False,261.760714,252.358929,248.598214,0.0,UNKNOWN,T2
ARBUSDT,SHORT,0.3006,0.3006,99.8004,0.0,trailing_stop,2025-06-20 01:15:00+00:00,2025-06-20 03:15:00+00:00,120.0,False,0.304904,0.294145,0.289841,0.0,UNKNOWN,T2
ARBUSDT,SHORT,0.3003,0.2977,99.9001,0.25974026,trailing_stop,2025-06-20 03:15:00+00:00,2025-06-20 05:05:00+00:00,110.0,False,0.304318,0.294273,0.290255,0.0,UNKNOWN,T2
AAVEUSDT,SHORT,254.03,252.54,0.1181,0.175969,trailing_stop,2025-06-20 01:15:00+00:00,2025-06-20 05:30:00+00:00,255.0,False,257.937143,248.169286,244.262143,0.0,UNKNOWN,T2
BCHUSDT,SHORT,468.49,466.71,0.064,0.11392,trailing_stop,2025-06-21 01:00:00+00:00,2025-06-21 02:40:00+00:00,100.0,False,474.700714,459.173929,452.963214,0.0,UNKNOWN,T2
ARBUSDT,SHORT,0.2889,0.2877,103.8422,0.12461064,time_stop,2025-06-21 01:00:00+00:00,2025-06-21 07:00:00+00:00,360.0,False,0.293507,0.281989,0.277382,0.0,UNKNOWN,T2
AAVEUSDT,SHORT,246.78,247.82,0.1216,-0.126464,time_stop,2025-06-21 01:00:00+00:00,2025-06-21 07:00:00+00:00,360.0,False,250.687143,240.919286,237.012143,0.0,UNKNOWN,T2
AAVEUSDT,SHORT,235.87,234.6,0.1272,0.161544,trailing_stop,2025-06-22 01:00:00+00:00,2025-06-22 01:25:00+00:00,25.0,False,243.841429,223.912857,215.941429,0.0,UNKNOWN,T2
AAVEUSDT,SHORT,234.6,234.52,0.1279,0.010232,trailing_stop,2025-06-22 01:25:00+00:00,2025-06-22 01:40:00+00:00,15.0,False,242.441071,222.838393,214.997321,0.0,UNKNOWN,T2
BCHUSDT,SHORT,466.72,463.72,0.0643,0.1929,trailing_stop,2025-06-22 01:00:00+00:00,2025-06-22 02:00:00+00:00,60.0,False,478.118214,449.622679,438.224464,0.0,UNKNOWN,T2
BCHUSDT,SHORT,449.82,446.87,0.0667,0.196765,trailing_stop,2025-06-23 01:15:00+00:00,2025-06-23 03:45:00+00:00,150.0,False,459.084286,435.923571,426.659286,0.0,UNKNOWN,T2
BCHUSDT,SHORT,448.92,456.53,0.0668,-0.508348,SL_hit,2025-06-23 03:45:00+00:00,2025-06-23 05:45:00+00:00,120.0,False,455.298571,439.352143,432.973571,0.0,UNKNOWN,T2
ARBUSDT,SHORT,0.2678,0.2691,112.0239,-0.14563107,time_stop,2025-06-23 05:30:00+00:00,2025-06-23 11:30:00+00:00,360.0,False,0.271514,0.262229,0.258514,0.0,UNKNOWN,T2
BCHUSDT,SHORT,456.67,455.24,0.0657,0.093951,time_stop,2025-06-24 02:15:00+00:00,2025-06-24 08:15:00+00:00,360.0,False,462.746786,447.554821,441.478036,0.0,UNKNOWN,T2
BCHUSDT,SHORT,459.14,457.59,0.0653,0.101215,trailing_stop,2025-06-24 14:00:00+00:00,2025-06-24 15:00:00+00:00,60.0,False,464.918571,450.472143,444.693571,0.0,UNKNOWN,T2
AAVEUSDT,SHORT,259.71,265.82,0.1155,-0.705705,SL_hit,2025-06-24 13:30:00+00:00,2025-06-24 16:40:00+00:00,190.0,False,264.4725,252.56625,247.80375,0.0,UNKNOWN,T2
AAVEUSDT,SHORT,264.86,263.79,0.1133,0.121231,trailing_stop,2025-06-25 04:45:00+00:00,2025-06-25 06:10:00+00:00,85.0,False,269.468929,257.946607,253.337679,0.0,UNKNOWN,T2
ARBUSDT,SHORT,0.3142,0.3096,95.4806,0.43921076,trailing_stop,2025-06-25 01:00:00+00:00,2025-06-25 06:15:00+00:00,315.0,False,0.319379,0.306432,0.301254,0.0,UNKNOWN,T2
AAVEUSDT,SHORT,260.05,258.64,0.1154,0.162714,trailing_stop,2025-06-25 12:00:00+00:00,2025-06-25 14:20:00+00:00,140.0,False,264.182143,253.851786,249.719643,0.0,UNKNOWN,T2
ARBUSDT,SHORT,0.3079,0.3137,97.4342,-0.56511836,SL_hit,2025-06-26 01:00:00+00:00,2025-06-26 01:30:00+00:00,30.0,False,0.312293,0.301311,0.296918,0.0,UNKNOWN,T2
AAVEUSDT,SHORT,255.46,259.29,0.1174,-0.449642,SL_hit,2025-06-26 01:00:00+00:00,2025-06-26 01:30:00+00:00,30.0,False,258.454643,250.968036,247.973393,0.0,UNKNOWN,T2
ARBUSDT,SHORT,0.3119,0.3118,96.1847,0.00961847,trailing_stop,2025-06-26 01:30:00+00:00,2025-06-26 02:50:00+00:00,80.0,False,0.317329,0.303757,0.298329,0.0,UNKNOWN,T2
ARBUSDT,SHORT,0.3041,0.3041,98.6518,0.0,trailing_stop,2025-06-27 01:00:00+00:00,2025-06-27 01:10:00+00:00,10.0,False,0.310332,0.294752,0.28852,0.0,UNKNOWN,T2
BCHUSDT,SHORT,487.41,487.41,0.0615,0.0,trailing_stop,2025-06-27 01:00:00+00:00,2025-06-27 01:10:00+00:00,10.0,False,493.306429,478.565357,472.668929,0.0,UNKNOWN,T2
AAVEUSDT,SHORT,252.64,252.64,0.1187,0.0,trailing_stop,2025-06-27 01:00:00+00:00,2025-06-27 01:10:00+00:00,10.0,False,256.957857,246.163214,241.845357,0.0,UNKNOWN,T2
ARBUSDT,SHORT,0.3034,0.3028,98.8794,0.05932764,trailing_stop,2025-06-28 01:00:00+00:00,2025-06-28 05:10:00+00:00,250.0,False,0.306471,0.298793,0.295721,0.0,UNKNOWN,T2
BCHUSDT,SHORT,501.52,499.24,0.0598,0.136344,trailing_stop,2025-06-28 01:00:00+00:00,2025-06-28 05:35:00+00:00,275.0,False,508.200357,491.499464,484.819107,0.0,UNKNOWN,T2
AAVEUSDT,SHORT,256.38,255.16,0.117,0.14274,time_stop,2025-06-28 01:15:00+00:00,2025-06-28 07:15:00+00:00,360.0,False,259.310357,251.984464,249.054107,0.0,UNKNOWN,T2
ARBUSDT,SHORT,0.3078,0.3062,97.4659,0.15594544,trailing_stop,2025-06-29 02:15:00+00:00,2025-06-29 04:05:00+00:00,110.0,False,0.31205,0.301425,0.297175,0.0,UNKNOWN,T2
AAVEUSDT,SHORT,258.53,257.34,0.116,0.13804,trailing_stop,2025-06-29 02:30:00+00:00,2025-06-29 05:45:00+00:00,195.0,False,261.235357,254.471964,251.766607,0.0,UNKNOWN,T2
BCHUSDT,SHORT,490.27,492.55,0.0612,-0.139536,time_stop,2025-06-29 03:30:00+00:00,2025-06-29 09:30:00+00:00,360.0,False,494.225357,484.336964,480.381607,0.0,UNKNOWN,T2
AAVEUSDT,SHORT,275.82,274.87,0.1088,0.10336,trailing_stop,2025-06-30 03:00:00+00:00,2025-06-30 05:40:00+00:00,160.0,False,280.464643,268.853036,264.208393,0.0,UNKNOWN,T2
ARBUSDT,SHORT,0.3584,0.3571,83.7054,0.10881702,trailing_stop,2025-06-30 03:00:00+00:00,2025-06-30 07:00:00+00:00,240.0,False,0.368221,0.343668,0.333846,0.0,UNKNOWN,T2
AAVEUSDT,SHORT,274.87,271.96,0.1091,0.317481,trailing_stop,2025-06-30 05:40:00+00:00,2025-06-30 07:05:00+00:00,85.0,False,278.421786,269.542321,265.990536,0.0,UNKNOWN,T2
